Status_checking_account;Duration_month;Credit_history;Purpose;Credit_amount;Savings_account;Employment_since;Installment_rate;Personal_status_sex;Other_debtors_guarantors;Residence_since;Property;Age_years;Other_installment_plans;Housing;Existing_credits;Job;Num_liable;Telephone;Foreign_worker;Credit_risk
0;6;4;A43;1169;4;4;4;A93;A101;4;A121;67;A143;A152;2;A173;1;A192;A201;Good
1;48;2;A43;5951;0;2;2;A92;A101;2;A121;22;A143;A152;1;A173;1;A191;A201;Bad
3;12;4;A46;2096;0;3;2;A93;A101;3;A121;49;A143;A152;1;A172;2;A191;A201;Good
0;42;2;A42;7882;0;3;2;A93;A103;4;A122;45;A143;A153;1;A173;2;A191;A201;Good
0;24;3;A40;4870;0;2;3;A93;A101;4;A124;53;A143;A153;2;A173;2;A191;A201;Bad
3;36;2;A46;9055;4;2;2;A93;A101;4;A124;35;A143;A153;1;A172;2;A192;A201;Good
3;24;2;A42;2835;2;4;3;A93;A101;4;A122;53;A143;A152;1;A173;1;A191;A201;Good
1;36;2;A41;6948;0;2;2;A93;A101;2;A123;35;A143;A151;1;A174;1;A192;A201;Good
3;12;2;A43;3059;3;3;2;A91;A101;4;A121;61;A143;A152;1;A172;1;A191;A201;Good
1;30;4;A40;5234;0;0;4;A94;A101;2;A123;28;A143;A152;2;A174;1;A191;A201;Bad
1;12;2;A40;1295;0;1;3;A92;A101;1;A123;25;A143;A151;1;A173;1;A191;A201;Bad
0;48;2;A49;4308;0;1;3;A92;A101;4;A122;24;A143;A151;1;A173;1;A191;A201;Bad
1;12;2;A43;1567;0;2;1;A92;A101;1;A123;22;A143;A152;1;A173;1;A192;A201;Good
0;24;4;A40;1199;0;4;4;A93;A101;4;A123;60;A143;A152;2;A172;1;A191;A201;Bad
0;15;2;A40;1403;0;2;2;A92;A101;4;A123;28;A143;A151;1;A173;1;A191;A201;Good
0;24;2;A43;1282;1;2;4;A92;A101;2;A123;32;A143;A152;1;A172;1;A191;A201;Bad
3;24;4;A43;2424;4;4;4;A93;A101;4;A122;53;A143;A152;2;A173;1;A191;A201;Good
0;30;0;A49;8072;4;1;2;A93;A101;3;A123;25;A141;A152;3;A173;1;A191;A201;Good
1;24;2;A41;12579;0;4;4;A92;A101;2;A124;44;A143;A153;1;A174;1;A192;A201;Bad
3;24;2;A43;3430;2;4;3;A93;A101;2;A123;31;A143;A152;1;A173;2;A192;A201;Good
3;9;4;A40;2134;0;2;4;A93;A101;4;A123;48;A143;A152;3;A173;1;A192;A201;Good
0;6;2;A43;2647;2;2;2;A93;A101;3;A121;44;A143;A151;1;A173;2;A191;A201;Good
0;10;4;A40;2241;0;1;1;A93;A101;3;A121;48;A143;A151;2;A172;2;A191;A202;Good
1;12;4;A41;1804;1;1;3;A93;A101;4;A122;44;A143;A152;1;A173;1;A191;A201;Good
3;10;4;A42;2069;4;2;2;A94;A101;1;A123;26;A143;A152;2;A173;1;A191;A202;Good
0;6;2;A42;1374;0;2;1;A93;A101;2;A121;36;A141;A152;1;A172;1;A192;A201;Good
3;6;0;A43;426;0;4;4;A94;A101;4;A123;39;A143;A152;1;A172;1;A191;A201;Good
2;12;1;A43;409;3;2;3;A92;A101;3;A121;42;A143;A151;2;A173;1;A191;A201;Good
1;7;2;A43;2415;0;2;3;A93;A103;2;A121;34;A143;A152;1;A173;1;A191;A201;Good
0;60;3;A49;6836;0;4;3;A93;A101;4;A124;63;A143;A152;2;A173;1;A192;A201;Bad
1;18;2;A49;1913;3;1;3;A94;A101;3;A121;36;A141;A152;1;A173;1;A192;A201;Good
0;24;2;A42;4020;0;2;2;A93;A101;2;A123;27;A142;A152;1;A173;1;A191;A201;Good
1;18;2;A40;5866;1;2;2;A93;A101;2;A123;30;A143;A152;2;A173;1;A192;A201;Good
3;12;4;A49;1264;4;4;4;A93;A101;4;A124;57;A143;A151;1;A172;1;A191;A201;Good
2;12;2;A42;1474;0;1;4;A92;A101;1;A122;33;A141;A152;1;A174;1;A192;A201;Good
1;45;4;A43;4746;0;1;4;A93;A101;2;A122;25;A143;A152;2;A172;1;A191;A201;Bad
3;48;4;A46;6110;0;2;1;A93;A101;3;A124;31;A141;A153;1;A173;1;A192;A201;Good
2;18;2;A43;2100;0;2;4;A93;A102;2;A121;37;A142;A152;1;A173;1;A191;A201;Bad
2;10;2;A44;1225;0;2;2;A93;A101;2;A123;37;A143;A152;1;A173;1;A192;A201;Good
1;9;2;A43;458;0;2;4;A93;A101;3;A121;24;A143;A152;1;A173;1;A191;A201;Good
3;30;2;A43;2333;2;4;4;A93;A101;2;A123;30;A141;A152;1;A174;1;A191;A201;Good
1;12;2;A43;1158;2;2;3;A91;A101;1;A123;26;A143;A152;1;A173;1;A192;A201;Good
1;18;3;A45;6204;0;2;2;A93;A101;4;A121;44;A143;A152;1;A172;2;A192;A201;Good
0;30;4;A41;6187;1;3;1;A94;A101;4;A123;24;A143;A151;2;A173;1;A191;A201;Good
0;48;4;A41;6143;0;4;4;A92;A101;4;A124;58;A142;A153;2;A172;1;A191;A201;Bad
3;11;4;A40;1393;0;1;4;A92;A101;4;A123;35;A143;A152;2;A174;1;A191;A201;Good
3;36;2;A43;2299;2;4;4;A93;A101;4;A123;39;A143;A152;1;A173;1;A191;A201;Good
0;6;2;A41;1352;2;0;1;A92;A101;2;A122;23;A143;A151;1;A171;1;A192;A201;Good
3;11;4;A40;7228;0;2;1;A93;A101;4;A122;39;A143;A152;2;A172;1;A191;A201;Good
3;12;2;A43;2073;1;2;4;A92;A102;2;A121;28;A143;A152;1;A173;1;A191;A201;Good
1;24;3;A42;2333;4;1;4;A93;A101;2;A122;29;A141;A152;1;A172;1;A191;A201;Good
1;27;3;A41;5965;0;4;1;A93;A101;2;A123;30;A143;A152;2;A174;1;A192;A201;Good
3;12;2;A43;1262;0;2;3;A93;A101;2;A123;25;A143;A152;1;A173;1;A191;A201;Good
3;18;2;A41;3378;4;2;2;A93;A101;1;A122;31;A143;A152;1;A173;1;A192;A201;Good
1;36;3;A40;2225;0;4;4;A93;A101;4;A124;57;A141;A153;2;A173;1;A192;A201;Bad
3;6;1;A40;783;4;2;1;A93;A103;2;A121;26;A142;A152;1;A172;2;A191;A201;Good
1;12;2;A43;6468;4;0;2;A93;A101;1;A124;52;A143;A152;1;A174;1;A192;A201;Bad
3;36;4;A43;9566;0;2;2;A92;A101;2;A123;31;A142;A152;2;A173;1;A191;A201;Good
2;18;2;A40;1961;0;4;3;A92;A101;2;A123;23;A143;A152;1;A174;1;A191;A201;Good
0;36;4;A42;6229;0;1;4;A92;A102;4;A124;23;A143;A151;2;A172;1;A192;A201;Bad
1;9;2;A49;1391;0;2;2;A94;A101;1;A121;27;A141;A152;1;A173;1;A192;A201;Good
1;15;4;A43;1537;4;4;4;A93;A103;4;A121;50;A143;A152;2;A173;1;A192;A201;Good
1;36;0;A49;1953;0;4;4;A93;A101;4;A124;61;A143;A153;1;A174;1;A192;A201;Bad
1;48;0;A49;14421;0;2;2;A93;A101;2;A123;25;A143;A152;1;A173;1;A192;A201;Bad
3;24;2;A43;3181;0;1;4;A92;A101;4;A122;26;A143;A152;1;A173;1;A192;A201;Good
3;27;2;A45;5190;4;4;4;A93;A101;4;A122;48;A143;A152;4;A173;2;A192;A201;Good
3;12;2;A43;2171;0;1;2;A92;A101;2;A123;29;A141;A152;1;A173;1;A191;A201;Good
1;12;2;A40;1007;3;2;4;A94;A101;1;A121;22;A143;A152;1;A173;1;A191;A201;Good
3;36;2;A46;1819;0;2;4;A93;A101;4;A124;37;A142;A153;1;A173;1;A192;A201;Bad
3;36;2;A43;2394;4;2;4;A92;A101;4;A123;25;A143;A152;1;A173;1;A191;A201;Good
3;36;2;A41;8133;0;2;1;A92;A101;2;A122;30;A141;A152;1;A173;1;A191;A201;Good
3;7;4;A43;730;4;4;4;A93;A101;2;A122;46;A143;A151;2;A172;1;A192;A201;Good
0;8;4;A410;1164;0;4;3;A93;A101;4;A124;51;A141;A153;2;A174;2;A192;A201;Good
1;42;4;A49;5954;0;3;2;A92;A101;1;A121;41;A141;A152;2;A172;1;A191;A201;Good
0;36;2;A46;1977;4;4;4;A93;A101;4;A124;40;A143;A152;1;A174;1;A192;A201;Bad
0;12;4;A41;1526;0;4;4;A93;A101;4;A124;66;A143;A153;2;A174;1;A191;A201;Good
0;42;2;A43;3965;0;1;4;A93;A101;3;A123;34;A143;A152;1;A173;1;A191;A201;Bad
1;11;3;A43;4771;0;3;2;A93;A101;4;A122;51;A143;A152;1;A173;1;A191;A201;Good
3;54;0;A41;9436;4;2;2;A93;A101;2;A122;39;A143;A152;1;A172;2;A191;A201;Good
1;30;2;A42;3832;0;1;2;A94;A101;1;A122;22;A143;A152;1;A173;1;A191;A201;Good
3;24;2;A43;5943;4;1;1;A92;A101;1;A123;44;A143;A152;2;A173;1;A192;A201;Bad
3;15;2;A43;1213;2;4;4;A93;A101;3;A122;47;A142;A152;1;A173;1;A192;A201;Good
3;18;2;A49;1568;1;2;3;A92;A101;4;A122;24;A143;A151;1;A172;1;A191;A201;Good
0;24;2;A410;1755;0;4;4;A92;A103;4;A121;58;A143;A152;1;A172;1;A192;A201;Good
0;10;2;A43;2315;0;4;3;A93;A101;4;A121;52;A143;A152;1;A172;1;A191;A201;Good
3;12;4;A49;1412;0;2;4;A92;A103;2;A121;29;A143;A152;2;A174;1;A192;A201;Good
1;18;4;A42;1295;0;1;4;A92;A101;1;A122;27;A143;A152;2;A173;1;A191;A201;Good
1;36;2;A46;12612;1;2;1;A93;A101;4;A124;47;A143;A153;1;A173;2;A192;A201;Bad
0;18;2;A40;2249;1;3;4;A93;A101;3;A123;30;A143;A152;1;A174;2;A192;A201;Good
0;12;0;A45;1108;0;3;4;A93;A101;3;A121;28;A143;A152;2;A173;1;A191;A201;Bad
3;12;4;A43;618;0;4;4;A93;A101;4;A121;56;A143;A152;1;A173;1;A191;A201;Good
0;12;4;A41;1409;0;4;4;A93;A101;3;A121;54;A143;A152;1;A173;1;A191;A201;Good
3;12;4;A43;797;4;4;4;A92;A101;3;A122;33;A141;A152;1;A172;2;A191;A201;Bad
2;24;4;A42;3617;4;4;4;A93;A102;4;A124;20;A143;A151;2;A173;1;A191;A201;Good
1;12;2;A40;1318;3;4;4;A93;A101;4;A121;54;A143;A152;1;A173;1;A192;A201;Good
1;54;0;A49;15945;0;1;3;A93;A101;4;A124;58;A143;A151;1;A173;1;A192;A201;Bad
3;12;4;A46;2012;4;3;4;A92;A101;2;A123;61;A143;A152;1;A173;1;A191;A201;Good
1;18;2;A49;2622;1;2;4;A93;A101;4;A123;34;A143;A152;1;A173;1;A191;A201;Good
1;36;4;A43;2337;0;4;4;A93;A101;4;A121;36;A143;A152;1;A173;1;A191;A201;Good
1;20;3;A41;7057;4;3;3;A93;A101;4;A122;36;A141;A151;2;A174;2;A192;A201;Good
3;24;2;A40;1469;1;4;4;A94;A101;4;A121;41;A143;A151;1;A172;1;A191;A201;Good
1;36;2;A43;2323;0;3;4;A93;A101;4;A123;24;A143;A151;1;A173;1;A191;A201;Good
3;6;3;A43;932;0;2;3;A92;A101;2;A121;24;A143;A152;1;A173;1;A191;A201;Good
1;9;4;A42;1919;0;3;4;A93;A101;3;A123;35;A143;A151;1;A173;1;A192;A201;Good
3;12;2;A41;2445;4;1;2;A94;A101;4;A123;26;A143;A151;1;A173;1;A192;A201;Good
1;24;4;A410;11938;0;2;2;A93;A102;3;A123;39;A143;A152;2;A174;2;A192;A201;Bad
3;18;1;A40;6458;0;4;2;A93;A101;4;A124;39;A141;A152;2;A174;2;A192;A201;Bad
1;12;2;A40;6078;0;3;2;A93;A101;2;A123;32;A143;A152;1;A173;1;A191;A201;Good
0;24;2;A42;7721;4;1;1;A92;A101;2;A122;30;A143;A152;1;A173;1;A192;A202;Good
1;14;2;A49;1410;2;4;1;A94;A101;2;A121;35;A143;A152;1;A173;1;A192;A201;Good
1;6;3;A49;1449;1;4;1;A91;A101;2;A123;31;A141;A152;2;A173;2;A191;A201;Good
2;15;2;A46;392;0;1;4;A92;A101;4;A122;23;A143;A151;1;A173;1;A192;A201;Good
1;18;2;A40;6260;0;3;3;A93;A101;3;A121;28;A143;A151;1;A172;1;A191;A201;Good
3;36;4;A40;7855;0;2;4;A92;A101;2;A121;25;A142;A152;2;A173;1;A192;A201;Bad
0;12;2;A43;1680;2;4;3;A94;A101;1;A121;35;A143;A152;1;A173;1;A191;A201;Good
3;48;4;A43;3578;4;4;4;A93;A101;1;A121;47;A143;A152;1;A173;1;A192;A201;Good
0;42;2;A43;7174;4;3;4;A92;A101;3;A123;30;A143;A152;1;A174;1;A192;A201;Bad
0;10;4;A42;2132;4;1;2;A92;A102;3;A121;27;A143;A151;2;A173;1;A191;A202;Good
0;33;4;A42;4281;2;2;1;A92;A101;4;A123;23;A143;A152;2;A173;1;A191;A201;Bad
1;12;4;A40;2366;2;3;3;A91;A101;3;A123;36;A143;A152;1;A174;1;A192;A201;Good
0;21;2;A43;1835;0;2;3;A92;A101;2;A121;25;A143;A152;2;A173;1;A192;A201;Bad
3;24;4;A41;3868;0;4;4;A92;A101;2;A123;41;A143;A151;2;A174;1;A192;A201;Good
3;12;2;A42;1768;0;2;3;A93;A101;2;A121;24;A143;A151;1;A172;1;A191;A201;Good
2;10;4;A40;781;0;4;4;A93;A101;4;A124;63;A143;A153;2;A173;1;A192;A201;Good
1;18;2;A42;1924;4;1;4;A92;A101;3;A121;27;A143;A151;1;A173;1;A191;A201;Bad
0;12;4;A40;2121;0;2;4;A93;A101;2;A122;30;A143;A152;2;A173;1;A191;A201;Good
0;12;2;A43;701;0;2;4;A94;A101;2;A121;40;A143;A152;1;A172;1;A191;A201;Good
1;12;2;A45;639;0;2;4;A93;A101;2;A123;30;A143;A152;1;A173;1;A191;A201;Bad
1;12;4;A41;1860;0;0;4;A93;A101;2;A123;34;A143;A152;2;A174;1;A192;A201;Good
0;12;4;A40;3499;0;2;3;A92;A102;2;A121;29;A143;A152;2;A173;1;A191;A201;Bad
1;48;2;A40;8487;4;3;1;A92;A101;2;A123;24;A143;A152;1;A173;1;A191;A201;Good
0;36;3;A46;6887;0;2;4;A93;A101;3;A122;29;A142;A152;1;A173;1;A192;A201;Bad
3;15;2;A42;2708;0;1;2;A93;A101;3;A122;27;A141;A152;2;A172;1;A191;A201;Good
3;18;2;A42;1984;0;2;4;A93;A101;4;A124;47;A141;A153;2;A173;1;A191;A201;Good
3;60;2;A43;10144;1;3;2;A92;A101;4;A121;21;A143;A152;1;A173;1;A192;A201;Good
3;12;4;A43;1240;4;4;4;A92;A101;2;A121;38;A143;A152;2;A173;1;A192;A201;Good
3;27;3;A41;8613;3;2;2;A93;A101;2;A123;27;A143;A152;2;A173;1;A191;A201;Good
1;12;2;A43;766;2;2;4;A93;A101;3;A121;66;A143;A152;1;A172;1;A191;A201;Bad
1;15;4;A43;2728;4;3;4;A93;A103;2;A121;35;A141;A152;3;A173;1;A192;A201;Good
2;12;2;A43;1881;0;2;2;A92;A101;2;A123;44;A143;A151;1;A172;1;A192;A201;Good
2;6;2;A40;709;3;1;2;A94;A101;2;A121;27;A143;A152;1;A171;1;A191;A202;Good
1;36;2;A43;4795;0;1;4;A92;A101;1;A124;30;A143;A152;1;A174;1;A192;A201;Good
0;27;2;A43;3416;0;2;3;A93;A101;2;A123;27;A143;A152;1;A174;1;A191;A201;Good
0;18;2;A42;2462;0;2;2;A93;A101;2;A123;22;A143;A152;1;A173;1;A191;A201;Bad
3;21;4;A42;2288;0;1;4;A92;A101;4;A122;23;A143;A152;1;A173;1;A192;A201;Good
1;48;1;A49;3566;1;3;4;A93;A101;2;A123;30;A143;A152;1;A173;1;A191;A201;Good
0;6;4;A40;860;0;4;1;A92;A101;4;A124;39;A143;A152;2;A173;1;A192;A201;Good
3;12;4;A40;682;1;3;4;A92;A101;3;A123;51;A143;A152;2;A173;1;A192;A201;Good
0;36;4;A42;5371;0;2;3;A93;A103;2;A122;28;A143;A152;2;A173;1;A191;A201;Good
3;18;4;A43;1582;3;4;4;A93;A101;4;A123;46;A143;A152;2;A173;1;A191;A201;Good
3;6;2;A43;1346;1;4;2;A93;A101;4;A124;42;A141;A153;1;A173;2;A192;A201;Good
3;10;2;A43;1924;0;2;1;A93;A101;4;A122;38;A143;A152;1;A173;1;A192;A202;Good
2;36;2;A43;5848;0;2;4;A93;A101;1;A123;24;A143;A152;1;A173;1;A191;A201;Good
1;24;4;A41;7758;3;4;2;A92;A101;4;A124;29;A143;A151;1;A173;1;A191;A201;Good
1;24;3;A49;6967;1;3;4;A93;A101;4;A123;36;A143;A151;1;A174;1;A192;A201;Good
0;12;2;A42;1282;0;2;2;A92;A101;4;A123;20;A143;A151;1;A173;1;A191;A201;Bad
0;9;4;A45;1288;1;4;3;A93;A103;4;A121;48;A143;A152;2;A173;2;A191;A202;Good
0;12;1;A48;339;0;4;4;A94;A101;1;A123;45;A141;A152;1;A172;1;A191;A201;Good
1;24;2;A40;3512;1;3;2;A93;A101;3;A123;38;A141;A152;2;A173;1;A192;A201;Good
3;6;4;A43;1898;4;2;1;A93;A101;2;A121;34;A143;A152;2;A172;2;A191;A201;Good
3;24;4;A43;2872;1;4;3;A93;A101;4;A121;36;A143;A152;1;A173;2;A192;A201;Good
3;18;4;A40;1055;0;1;4;A92;A101;1;A122;30;A143;A152;2;A173;1;A191;A201;Good
3;15;2;A44;1262;2;3;4;A93;A101;3;A122;36;A143;A152;2;A173;1;A192;A201;Good
1;10;2;A40;7308;0;0;2;A93;A101;4;A124;70;A141;A153;1;A174;1;A192;A201;Good
3;36;2;A40;909;2;4;4;A93;A101;4;A122;36;A143;A152;1;A173;1;A191;A201;Good
3;6;2;A42;2978;2;2;1;A93;A101;2;A123;32;A143;A152;1;A173;1;A192;A201;Good
0;18;2;A42;1131;0;0;4;A92;A101;2;A123;33;A143;A152;1;A173;1;A191;A201;Bad
1;11;2;A42;1577;3;1;4;A92;A101;1;A121;20;A143;A152;1;A173;1;A191;A201;Good
3;24;2;A42;3972;0;3;2;A92;A101;4;A122;25;A143;A151;1;A173;1;A192;A201;Good
1;24;4;A49;1935;0;4;4;A91;A101;4;A121;31;A143;A152;2;A173;1;A192;A201;Bad
0;15;0;A40;950;0;4;4;A93;A101;3;A123;33;A143;A151;2;A173;2;A191;A201;Bad
3;12;2;A42;763;0;2;4;A92;A101;1;A121;26;A143;A152;1;A173;1;A192;A201;Good
1;24;3;A42;2064;0;0;3;A92;A101;2;A122;34;A143;A152;1;A174;1;A192;A201;Bad
1;8;2;A43;1414;0;2;4;A93;A103;2;A121;33;A143;A152;1;A173;1;A191;A202;Good
0;21;3;A46;3414;0;1;2;A93;A101;1;A122;26;A143;A152;2;A173;1;A191;A201;Bad
3;30;1;A41;7485;4;0;4;A92;A101;1;A121;53;A141;A152;1;A174;1;A192;A201;Bad
0;12;2;A42;2577;0;2;2;A91;A101;1;A123;42;A143;A152;1;A173;1;A191;A201;Good
0;6;4;A43;338;2;4;4;A93;A101;4;A123;52;A143;A152;2;A173;1;A191;A201;Good
3;12;2;A43;1963;0;3;4;A93;A101;2;A123;31;A143;A151;2;A174;2;A192;A201;Good
0;21;4;A40;571;0;4;4;A93;A101;4;A121;65;A143;A152;2;A173;1;A191;A201;Good
3;36;3;A49;9572;0;1;1;A91;A101;1;A123;28;A143;A152;2;A173;1;A191;A201;Bad
1;36;3;A49;4455;0;2;2;A91;A101;2;A121;30;A142;A152;2;A174;1;A192;A201;Bad
0;21;1;A40;1647;4;2;4;A93;A101;2;A122;40;A143;A152;2;A172;2;A191;A201;Bad
3;24;4;A42;3777;3;2;4;A93;A101;4;A121;50;A143;A152;1;A173;1;A192;A201;Good
1;18;4;A40;884;0;4;4;A93;A101;4;A123;36;A141;A152;1;A173;2;A192;A201;Bad
3;15;4;A43;1360;0;2;4;A93;A101;2;A122;31;A143;A152;2;A173;1;A191;A201;Good
1;9;1;A41;5129;0;4;2;A92;A101;4;A124;74;A141;A153;1;A174;2;A192;A201;Bad
1;16;4;A40;1175;0;0;2;A93;A101;3;A123;68;A143;A153;3;A171;1;A192;A201;Good
0;12;2;A43;674;1;3;4;A94;A101;1;A122;20;A143;A152;1;A173;1;A191;A201;Bad
1;18;0;A42;3244;0;2;1;A92;A101;4;A123;33;A141;A152;2;A173;1;A192;A201;Good
3;24;2;A49;4591;3;2;2;A93;A101;3;A122;54;A143;A152;3;A174;1;A192;A201;Bad
1;48;0;A49;3844;1;3;4;A93;A101;4;A124;34;A143;A153;1;A172;2;A191;A201;Bad
1;27;2;A49;3915;0;2;4;A93;A101;2;A123;36;A143;A152;1;A173;2;A192;A201;Bad
3;6;2;A43;2108;0;3;2;A94;A101;2;A121;29;A143;A151;1;A173;1;A191;A201;Good
1;45;2;A43;3031;1;2;4;A93;A103;4;A122;21;A143;A151;1;A173;1;A191;A201;Bad
1;9;4;A46;1501;0;4;2;A92;A101;3;A123;34;A143;A152;2;A174;1;A192;A201;Bad
3;6;4;A43;1382;0;2;1;A92;A101;1;A123;28;A143;A152;2;A173;1;A192;A201;Good
1;12;2;A42;951;1;1;4;A92;A101;4;A123;27;A141;A151;4;A173;1;A191;A201;Bad
1;24;2;A41;2760;4;4;4;A93;A101;4;A124;36;A141;A153;1;A173;1;A192;A201;Good
1;18;3;A42;4297;0;4;4;A91;A101;3;A124;40;A143;A152;1;A174;1;A192;A201;Bad
3;9;4;A46;936;2;4;4;A93;A101;2;A123;52;A143;A152;2;A173;1;A192;A201;Good
0;12;2;A40;1168;0;2;4;A94;A101;3;A121;27;A143;A152;1;A172;1;A191;A201;Good
3;27;3;A49;5117;0;3;3;A93;A101;4;A123;26;A143;A152;2;A173;1;A191;A201;Good
0;12;2;A48;902;0;3;4;A94;A101;4;A122;21;A143;A151;1;A173;1;A191;A201;Bad
3;12;4;A40;1495;0;4;4;A93;A101;1;A121;38;A143;A152;2;A172;2;A191;A201;Good
0;30;4;A41;10623;0;4;3;A93;A101;4;A124;38;A143;A153;3;A174;2;A192;A201;Good
3;12;4;A42;1935;0;4;4;A93;A101;4;A121;43;A143;A152;3;A173;1;A192;A201;Good
1;12;4;A44;1424;0;3;4;A93;A101;3;A122;26;A143;A152;1;A173;1;A191;A201;Good
0;24;2;A49;6568;0;2;2;A94;A101;2;A123;21;A142;A152;1;A172;1;A191;A201;Good
3;12;2;A41;1413;3;3;3;A93;A101;2;A122;55;A143;A152;1;A173;1;A191;A202;Good
3;9;4;A43;3074;4;2;1;A93;A101;2;A121;33;A143;A152;2;A173;2;A191;A201;Good
3;36;2;A43;3835;4;4;2;A92;A101;4;A121;45;A143;A152;1;A172;1;A192;A201;Good
0;27;0;A49;5293;0;0;2;A93;A101;4;A122;50;A142;A152;2;A173;1;A192;A201;Bad
2;30;3;A49;1908;0;4;4;A93;A101;4;A121;66;A143;A152;1;A174;1;A192;A201;Bad
3;36;4;A43;3342;4;4;4;A93;A101;2;A123;51;A143;A152;1;A173;1;A192;A201;Good
1;6;4;A48;932;4;3;1;A92;A101;3;A122;39;A143;A152;2;A172;1;A191;A201;Good
0;18;0;A49;3104;0;3;3;A93;A101;1;A122;31;A141;A152;1;A173;1;A192;A201;Good
2;36;2;A43;3913;0;2;2;A93;A101;2;A121;23;A143;A152;1;A173;1;A192;A201;Good
0;24;2;A42;3021;0;2;2;A91;A101;2;A121;24;A143;A151;1;A172;1;A191;A201;Good
3;10;2;A40;1364;0;2;2;A92;A101;4;A123;64;A143;A152;1;A173;1;A192;A201;Good
1;12;2;A43;625;0;1;4;A94;A103;1;A121;26;A141;A152;1;A172;1;A191;A201;Good
0;12;2;A46;1200;4;2;4;A92;A101;4;A122;23;A141;A151;1;A173;1;A192;A201;Good
3;12;2;A43;707;0;2;4;A93;A101;2;A121;30;A141;A152;2;A173;1;A191;A201;Good
3;24;3;A49;2978;4;2;4;A93;A101;4;A121;32;A143;A152;2;A173;2;A192;A201;Good
3;15;2;A41;4657;0;2;3;A93;A101;2;A123;30;A143;A152;1;A173;1;A192;A201;Good
3;36;0;A45;2613;0;2;4;A93;A101;2;A123;27;A143;A152;2;A173;1;A191;A201;Good
1;48;2;A43;10961;3;3;1;A93;A102;2;A124;27;A141;A152;2;A173;1;A192;A201;Bad
0;12;2;A42;7865;0;4;4;A93;A101;4;A124;53;A143;A153;1;A174;1;A192;A201;Bad
3;9;2;A43;1478;0;3;4;A93;A101;2;A123;22;A143;A152;1;A173;1;A191;A201;Bad
0;24;2;A42;3149;0;1;4;A93;A101;1;A124;22;A141;A153;1;A173;1;A191;A201;Good
2;36;2;A43;4210;0;2;4;A93;A101;2;A123;26;A143;A152;1;A173;1;A191;A201;Bad
3;9;2;A40;2507;2;4;2;A93;A101;4;A124;51;A143;A153;1;A172;1;A191;A201;Good
3;12;2;A43;2141;1;3;3;A93;A101;1;A124;35;A143;A152;1;A173;1;A191;A201;Good
1;18;2;A43;866;0;2;4;A94;A103;2;A121;25;A143;A152;1;A172;1;A191;A201;Good
3;4;4;A43;1544;0;3;2;A93;A101;1;A121;42;A143;A152;3;A172;2;A191;A201;Good
0;24;2;A43;1823;0;0;4;A93;A101;2;A123;30;A142;A152;1;A174;2;A191;A201;Bad
1;6;2;A40;14555;4;0;1;A93;A101;2;A122;23;A143;A152;1;A171;1;A192;A201;Bad
1;21;2;A49;2767;1;4;4;A91;A101;2;A123;61;A141;A151;2;A172;1;A191;A201;Bad
3;12;4;A43;1291;0;2;4;A92;A101;2;A122;35;A143;A152;2;A173;1;A191;A201;Good
0;30;2;A43;2522;0;4;1;A93;A103;3;A122;39;A143;A152;1;A173;2;A191;A201;Good
0;24;2;A40;915;4;4;4;A92;A101;2;A123;29;A141;A152;1;A173;1;A191;A201;Bad
3;6;2;A43;1595;0;3;3;A93;A101;2;A122;51;A143;A152;1;A173;2;A191;A201;Good
0;48;0;A41;4605;0;4;3;A93;A101;4;A124;24;A143;A153;2;A173;2;A191;A201;Bad
3;12;4;A49;1185;0;2;3;A92;A101;2;A121;27;A143;A152;2;A173;1;A191;A201;Good
3;12;1;A48;3447;2;2;4;A92;A101;3;A121;35;A143;A152;1;A172;2;A191;A201;Good
3;24;2;A49;1258;0;3;4;A93;A101;1;A121;25;A143;A152;1;A173;1;A192;A201;Good
3;12;4;A43;717;0;4;4;A93;A101;4;A121;52;A143;A152;3;A173;1;A191;A201;Good
3;6;0;A40;1204;1;2;4;A93;A101;1;A124;35;A141;A151;1;A173;1;A191;A202;Good
2;24;2;A42;1925;0;2;2;A93;A101;2;A121;26;A143;A152;1;A173;1;A191;A201;Good
3;18;2;A43;433;0;0;3;A92;A102;4;A121;22;A143;A151;1;A173;1;A191;A201;Bad
0;6;4;A40;666;3;3;3;A92;A101;4;A121;39;A143;A152;2;A172;1;A192;A201;Good
2;12;2;A42;2251;0;2;1;A92;A101;2;A123;46;A143;A152;1;A172;1;A191;A201;Good
1;30;2;A40;2150;0;2;4;A92;A103;2;A124;24;A141;A152;1;A173;1;A191;A201;Bad
3;24;3;A42;4151;1;2;2;A93;A101;3;A122;35;A143;A152;2;A173;1;A191;A201;Good
1;9;2;A42;2030;4;3;2;A93;A101;1;A123;24;A143;A152;1;A173;1;A192;A201;Good
1;60;3;A43;7418;4;2;1;A93;A101;1;A121;27;A143;A152;1;A172;1;A191;A201;Good
3;24;4;A43;2684;0;2;4;A93;A101;2;A121;35;A143;A152;2;A172;1;A191;A201;Good
0;12;1;A43;2149;0;2;4;A91;A101;1;A124;29;A143;A153;1;A173;1;A191;A201;Bad
3;15;2;A41;3812;1;1;1;A92;A101;4;A123;23;A143;A152;1;A173;1;A192;A201;Good
3;11;4;A43;1154;1;0;4;A92;A101;4;A121;57;A143;A152;3;A172;1;A191;A201;Good
0;12;2;A42;1657;0;2;2;A93;A101;2;A121;27;A143;A152;1;A173;1;A191;A201;Good
0;24;2;A43;1603;0;4;4;A92;A101;4;A123;55;A143;A152;1;A173;1;A191;A201;Good
0;18;4;A40;5302;0;4;2;A93;A101;4;A124;36;A143;A153;3;A174;1;A192;A201;Good
3;12;4;A46;2748;0;4;2;A92;A101;4;A124;57;A141;A153;3;A172;1;A191;A201;Good
3;10;4;A40;1231;0;4;3;A93;A101;4;A121;32;A143;A152;2;A172;2;A191;A202;Good
1;15;2;A43;802;0;4;4;A93;A101;3;A123;37;A143;A152;1;A173;2;A191;A201;Bad
3;36;4;A49;6304;4;4;4;A93;A101;4;A121;36;A143;A152;2;A173;1;A191;A201;Good
3;24;2;A43;1533;0;1;4;A92;A101;3;A123;38;A142;A152;1;A173;1;A192;A201;Good
0;14;2;A40;8978;0;4;1;A91;A101;4;A122;45;A143;A152;1;A174;1;A192;A202;Bad
3;24;2;A43;999;4;4;4;A93;A101;2;A123;25;A143;A152;2;A173;1;A191;A201;Good
3;18;2;A40;2662;4;3;4;A93;A101;3;A122;32;A143;A152;1;A173;1;A191;A202;Good
3;12;4;A42;1402;2;3;3;A92;A101;4;A123;37;A143;A151;1;A173;1;A192;A201;Good
1;48;1;A40;12169;4;0;4;A93;A102;4;A124;36;A143;A153;1;A174;1;A192;A201;Good
1;48;2;A43;3060;0;3;4;A93;A101;4;A121;28;A143;A152;2;A173;1;A191;A201;Bad
0;30;2;A45;11998;0;1;1;A91;A101;1;A124;34;A143;A152;1;A172;1;A192;A201;Bad
3;9;2;A43;2697;0;2;1;A93;A101;2;A121;32;A143;A152;1;A173;2;A191;A201;Good
3;18;4;A43;2404;0;2;2;A92;A101;2;A123;26;A143;A152;2;A173;1;A191;A201;Good
0;12;2;A42;1262;4;4;2;A91;A101;4;A122;49;A143;A152;1;A172;1;A192;A201;Good
3;6;2;A42;4611;0;1;1;A92;A101;4;A122;32;A143;A152;1;A173;1;A191;A201;Bad
3;24;2;A43;1901;1;2;4;A93;A101;4;A123;29;A143;A151;1;A174;1;A192;A201;Good
3;15;4;A41;3368;3;4;3;A93;A101;4;A124;23;A143;A151;2;A173;1;A192;A201;Good
3;12;2;A42;1574;0;2;4;A93;A101;2;A121;50;A143;A152;1;A173;1;A191;A201;Good
2;18;1;A43;1445;4;3;4;A93;A101;4;A123;49;A141;A152;1;A172;1;A191;A201;Good
3;15;4;A42;1520;4;4;4;A93;A101;4;A122;63;A143;A152;1;A173;1;A191;A201;Good
1;24;4;A40;3878;1;1;4;A91;A101;2;A123;37;A143;A152;1;A173;1;A192;A201;Good
0;47;2;A40;10722;0;1;1;A92;A101;1;A121;35;A143;A152;1;A172;1;A192;A201;Good
0;48;2;A41;4788;0;3;4;A93;A101;3;A122;26;A143;A152;1;A173;2;A191;A201;Good
1;48;3;A410;7582;1;0;2;A93;A101;4;A124;31;A143;A153;1;A174;1;A192;A201;Good
1;12;2;A43;1092;0;2;4;A92;A103;4;A121;49;A143;A152;2;A173;1;A192;A201;Good
0;24;3;A43;1024;0;1;4;A94;A101;4;A121;48;A142;A152;1;A173;1;A191;A201;Bad
3;12;2;A49;1076;0;2;2;A94;A101;2;A121;26;A143;A152;1;A173;1;A192;A202;Good
1;36;2;A41;9398;0;1;1;A94;A101;4;A123;28;A143;A151;1;A174;1;A192;A201;Bad
0;24;4;A41;6419;0;4;2;A92;A101;4;A124;44;A143;A153;2;A174;2;A192;A201;Good
2;42;4;A41;4796;0;4;4;A93;A101;4;A124;56;A143;A153;1;A173;1;A191;A201;Good
3;48;4;A49;7629;4;4;4;A91;A101;2;A123;46;A141;A152;2;A174;2;A191;A201;Good
1;48;2;A42;9960;0;1;1;A92;A101;2;A123;26;A143;A152;1;A173;1;A192;A201;Bad
3;12;2;A41;4675;4;1;1;A92;A101;4;A123;20;A143;A151;1;A173;1;A191;A201;Good
3;10;2;A40;1287;4;4;4;A93;A102;2;A122;45;A143;A152;1;A172;1;A191;A202;Good
3;18;2;A42;2515;0;2;3;A93;A101;4;A121;43;A143;A152;1;A173;1;A192;A201;Good
1;21;4;A42;2745;3;3;3;A93;A101;2;A123;32;A143;A152;2;A173;1;A192;A201;Good
3;6;2;A40;672;0;0;1;A92;A101;4;A121;54;A143;A152;1;A171;1;A192;A201;Good
1;36;0;A43;3804;0;2;4;A92;A101;1;A123;42;A143;A152;1;A173;1;A192;A201;Bad
2;24;4;A40;1344;4;3;4;A93;A101;2;A121;37;A141;A152;2;A172;2;A191;A201;Bad
0;10;4;A40;1038;0;3;4;A93;A102;3;A122;49;A143;A152;2;A173;1;A192;A201;Good
3;48;4;A40;10127;2;2;2;A93;A101;2;A124;44;A141;A153;1;A173;1;A191;A201;Bad
3;6;2;A42;1543;3;2;4;A91;A101;2;A121;33;A143;A152;1;A173;1;A191;A201;Good
3;30;2;A41;4811;4;3;2;A92;A101;4;A122;24;A142;A151;1;A172;1;A191;A201;Good
0;12;2;A43;727;1;1;4;A94;A101;3;A124;33;A143;A152;1;A172;1;A192;A201;Bad
1;8;2;A42;1237;0;2;3;A92;A101;4;A121;24;A143;A152;1;A173;1;A191;A201;Bad
1;9;2;A40;276;0;2;4;A94;A101;4;A121;22;A143;A151;1;A172;1;A191;A201;Good
1;48;2;A410;5381;4;0;3;A93;A101;4;A124;40;A141;A153;1;A171;1;A192;A201;Good
3;24;2;A42;5511;1;2;4;A93;A101;1;A123;25;A142;A152;1;A173;1;A191;A201;Good
2;24;2;A42;3749;0;1;2;A92;A101;4;A123;26;A143;A152;1;A173;1;A191;A201;Good
1;12;2;A40;685;0;3;2;A94;A101;3;A123;25;A141;A152;1;A172;1;A191;A201;Bad
2;4;2;A40;1494;4;1;1;A93;A101;2;A121;29;A143;A152;1;A172;2;A191;A202;Good
0;36;1;A42;2746;0;4;4;A93;A101;4;A123;31;A141;A152;1;A173;1;A191;A201;Bad
0;12;2;A42;708;0;2;2;A93;A103;3;A122;38;A143;A152;1;A172;2;A191;A201;Good
1;24;2;A42;4351;4;2;1;A92;A101;4;A122;48;A143;A152;1;A172;1;A192;A201;Good
3;12;4;A46;701;0;2;4;A93;A101;2;A123;32;A143;A152;2;A173;1;A191;A201;Good
0;15;3;A42;3643;0;4;1;A92;A101;4;A122;27;A143;A152;2;A172;1;A191;A201;Good
1;30;4;A40;4249;0;0;4;A94;A101;2;A123;28;A143;A152;2;A174;1;A191;A201;Bad
0;24;2;A43;1938;0;1;4;A91;A101;3;A122;32;A143;A152;1;A173;1;A191;A201;Bad
0;24;2;A41;2910;0;3;2;A93;A101;1;A124;34;A143;A153;1;A174;1;A192;A201;Good
0;18;2;A42;2659;3;2;4;A93;A101;2;A123;28;A143;A152;1;A173;1;A191;A201;Good
3;18;4;A40;1028;0;2;4;A92;A101;3;A121;36;A143;A152;2;A173;1;A191;A201;Good
0;8;4;A40;3398;0;3;1;A93;A101;4;A121;39;A143;A152;2;A172;1;A191;A202;Good
3;12;4;A42;5801;4;4;2;A93;A101;4;A122;49;A143;A151;1;A173;1;A192;A201;Good
3;24;2;A40;1525;3;3;4;A92;A101;3;A123;34;A143;A152;1;A173;2;A192;A201;Good
2;36;2;A43;4473;0;4;4;A93;A101;2;A123;31;A143;A152;1;A173;1;A191;A201;Good
1;6;2;A43;1068;0;4;4;A93;A101;4;A123;28;A143;A152;1;A173;2;A191;A201;Good
0;24;4;A41;6615;0;0;2;A93;A101;4;A124;75;A143;A153;2;A174;1;A192;A201;Good
3;18;4;A46;1864;1;2;4;A92;A101;2;A121;30;A143;A152;2;A173;1;A191;A201;Bad
1;60;2;A40;7408;1;1;4;A92;A101;2;A122;24;A143;A152;1;A174;1;A191;A201;Bad
3;48;4;A41;11590;1;2;2;A92;A101;4;A123;24;A141;A151;2;A172;1;A191;A201;Bad
0;24;0;A42;4110;0;4;3;A93;A101;4;A124;23;A141;A151;2;A173;2;A191;A201;Bad
0;6;4;A42;3384;0;2;1;A91;A101;4;A121;44;A143;A151;1;A174;1;A192;A201;Bad
1;13;2;A43;2101;0;1;2;A92;A103;4;A122;23;A143;A152;1;A172;1;A191;A201;Good
0;15;2;A44;1275;4;2;4;A92;A101;2;A123;24;A143;A151;1;A173;1;A191;A201;Bad
0;24;2;A42;4169;0;2;4;A93;A101;4;A122;28;A143;A152;1;A173;1;A191;A201;Good
1;10;2;A42;1521;0;2;4;A91;A101;2;A123;31;A143;A152;1;A172;1;A191;A201;Good
1;24;4;A46;5743;0;1;2;A92;A101;4;A124;24;A143;A153;2;A173;1;A192;A201;Good
0;21;2;A42;3599;0;3;1;A92;A101;4;A123;26;A143;A151;1;A172;1;A191;A201;Good
1;18;2;A43;3213;2;1;1;A94;A101;3;A121;25;A143;A151;1;A173;1;A191;A201;Good
1;18;2;A49;4439;0;4;1;A93;A102;1;A121;33;A141;A152;1;A174;1;A192;A201;Good
2;10;2;A40;3949;0;1;1;A93;A103;1;A122;37;A143;A152;1;A172;2;A191;A201;Good
3;15;4;A43;1459;0;2;4;A92;A101;2;A123;43;A143;A152;1;A172;1;A191;A201;Good
1;13;4;A43;882;0;1;4;A93;A103;4;A121;23;A143;A152;2;A173;1;A191;A201;Good
1;24;2;A43;3758;2;0;1;A92;A101;4;A124;23;A143;A151;1;A171;1;A191;A201;Good
3;6;3;A49;1743;1;2;1;A93;A101;2;A121;34;A143;A152;2;A172;1;A191;A201;Good
1;9;4;A46;1136;3;4;4;A93;A101;3;A124;32;A143;A153;2;A173;2;A191;A201;Bad
3;9;2;A44;1236;0;1;1;A92;A101;4;A121;23;A143;A151;1;A173;1;A192;A201;Good
1;9;2;A42;959;0;2;1;A92;A101;2;A123;29;A143;A152;1;A173;1;A191;A202;Bad
3;18;4;A41;3229;4;0;2;A93;A101;4;A124;38;A143;A152;1;A174;1;A192;A201;Good
0;12;0;A43;6199;0;2;4;A93;A101;2;A122;28;A143;A151;2;A173;1;A192;A201;Bad
3;10;2;A46;727;2;4;4;A93;A101;4;A124;46;A143;A153;1;A173;1;A192;A201;Good
1;24;2;A40;1246;0;1;4;A93;A101;2;A121;23;A142;A152;1;A172;1;A191;A201;Bad
3;12;4;A43;2331;4;4;1;A93;A102;4;A121;49;A143;A152;1;A173;1;A192;A201;Good
3;36;3;A43;4463;0;2;4;A93;A101;2;A123;26;A143;A152;2;A174;1;A192;A201;Bad
3;12;2;A43;776;0;2;4;A94;A101;2;A121;28;A143;A152;1;A173;1;A191;A201;Good
0;30;2;A42;2406;0;3;4;A92;A101;4;A121;23;A143;A151;1;A173;1;A191;A201;Bad
1;18;2;A46;1239;4;2;4;A93;A101;4;A124;61;A143;A153;1;A173;1;A191;A201;Good
2;12;2;A43;3399;4;4;2;A93;A101;3;A123;37;A143;A152;1;A174;1;A191;A201;Good
2;12;3;A40;2247;0;2;2;A92;A101;2;A123;36;A142;A152;2;A173;1;A192;A201;Good
3;6;2;A42;1766;0;2;1;A94;A101;2;A122;21;A143;A151;1;A173;1;A191;A201;Good
0;18;2;A42;2473;0;0;4;A93;A101;1;A123;25;A143;A152;1;A171;1;A191;A201;Bad
3;12;2;A49;1542;0;3;2;A93;A101;4;A123;36;A143;A152;1;A173;1;A192;A201;Good
3;18;4;A41;3850;0;3;3;A93;A101;1;A123;27;A143;A152;2;A173;1;A191;A201;Good
0;18;2;A42;3650;0;1;1;A92;A101;4;A123;22;A143;A151;1;A173;1;A191;A201;Good
0;36;2;A42;3446;0;4;4;A93;A101;2;A123;42;A143;A152;1;A173;2;A191;A201;Bad
1;18;2;A42;3001;0;3;2;A92;A101;4;A121;40;A143;A151;1;A173;1;A191;A201;Good
3;36;2;A40;3079;4;2;4;A93;A101;4;A121;36;A143;A152;1;A173;1;A191;A201;Good
3;18;4;A43;6070;0;4;3;A93;A101;4;A123;33;A143;A152;2;A173;1;A192;A201;Good
3;10;4;A42;2146;0;1;1;A92;A101;3;A121;23;A143;A151;2;A173;1;A191;A201;Good
3;60;4;A40;13756;4;4;2;A93;A101;4;A124;63;A141;A153;1;A174;1;A192;A201;Good
1;60;1;A410;14782;1;4;3;A92;A101;4;A124;60;A141;A153;2;A174;1;A192;A201;Bad
0;48;1;A49;7685;0;3;2;A92;A103;4;A123;37;A143;A151;1;A173;1;A191;A201;Bad
3;18;3;A43;2320;0;0;2;A94;A101;3;A121;34;A143;A152;2;A173;1;A191;A201;Good
3;7;3;A43;846;4;4;3;A93;A101;4;A124;36;A143;A153;1;A173;1;A191;A201;Good
1;36;2;A40;14318;0;4;4;A93;A101;2;A124;57;A143;A153;1;A174;1;A192;A201;Bad
3;6;4;A40;362;1;2;4;A92;A101;4;A123;52;A143;A152;2;A172;1;A191;A201;Good
0;20;2;A42;2212;4;3;4;A93;A101;4;A123;39;A143;A152;1;A173;1;A192;A201;Good
1;18;2;A41;12976;0;0;3;A92;A101;4;A124;38;A143;A153;1;A174;1;A192;A201;Bad
3;22;2;A40;1283;4;3;4;A92;A101;4;A122;25;A143;A151;1;A173;1;A191;A201;Good
2;12;2;A40;1330;0;1;4;A93;A101;1;A121;26;A143;A152;1;A173;1;A191;A201;Good
3;30;3;A49;4272;1;2;2;A93;A101;2;A122;26;A143;A152;2;A172;1;A191;A201;Good
3;18;4;A43;2238;0;2;2;A92;A101;1;A123;25;A143;A152;2;A173;1;A191;A201;Good
3;18;2;A43;1126;4;1;4;A92;A101;2;A121;21;A143;A151;1;A173;1;A192;A201;Good
1;18;4;A42;7374;0;0;4;A93;A101;4;A122;40;A142;A152;2;A174;1;A192;A201;Good
1;15;4;A49;2326;2;2;2;A93;A101;4;A123;27;A141;A152;1;A173;1;A191;A201;Good
3;9;2;A49;1449;0;3;3;A92;A101;2;A123;27;A143;A152;2;A173;1;A191;A201;Good
3;18;2;A40;1820;0;2;2;A94;A101;2;A122;30;A143;A152;1;A174;1;A192;A201;Good
1;12;2;A42;983;3;1;1;A92;A101;4;A121;19;A143;A151;1;A172;1;A191;A201;Good
0;36;2;A40;3249;0;3;2;A93;A101;4;A124;39;A141;A153;1;A174;2;A192;A201;Good
0;6;4;A43;1957;0;3;1;A92;A101;4;A123;31;A143;A152;1;A173;1;A191;A201;Good
3;9;4;A42;2406;0;0;2;A93;A101;3;A123;31;A143;A152;1;A174;1;A191;A201;Good
1;39;3;A46;11760;1;3;2;A93;A101;3;A124;32;A143;A151;1;A173;1;A192;A201;Good
0;12;2;A42;2578;0;0;3;A92;A101;4;A124;55;A143;A153;1;A174;1;A191;A201;Good
0;36;4;A42;2348;0;2;3;A94;A101;2;A122;46;A143;A152;2;A173;1;A192;A201;Good
1;12;2;A40;1223;0;4;1;A91;A101;1;A121;46;A143;A151;2;A173;1;A191;A201;Bad
3;24;4;A43;1516;3;2;4;A92;A101;1;A121;43;A143;A152;2;A172;1;A191;A201;Good
3;18;2;A43;1473;0;1;3;A94;A101;4;A121;39;A143;A152;1;A173;1;A192;A201;Good
1;18;4;A49;1887;4;2;4;A94;A101;4;A121;28;A141;A152;2;A173;1;A191;A201;Good
3;24;3;A49;8648;0;1;2;A93;A101;2;A123;27;A141;A152;2;A173;1;A192;A201;Bad
3;14;3;A40;802;0;2;4;A93;A101;2;A123;27;A143;A152;2;A172;1;A191;A201;Good
1;18;3;A40;2899;4;4;4;A93;A101;4;A123;43;A143;A152;1;A173;2;A191;A201;Good
1;24;2;A43;2039;0;1;1;A94;A101;1;A122;22;A143;A152;1;A173;1;A192;A201;Bad
3;24;4;A41;2197;4;3;4;A93;A101;4;A123;43;A143;A152;2;A173;2;A192;A201;Good
0;15;2;A43;1053;0;1;4;A94;A101;2;A121;27;A143;A152;1;A173;1;A191;A202;Good
3;24;2;A43;3235;2;4;3;A91;A101;2;A123;26;A143;A152;1;A174;1;A192;A201;Good
2;12;4;A40;939;2;3;4;A94;A101;2;A121;28;A143;A152;3;A173;1;A192;A201;Bad
1;24;2;A43;1967;0;4;4;A92;A101;4;A123;20;A143;A152;1;A173;1;A192;A201;Good
3;33;4;A41;7253;0;3;3;A93;A101;2;A123;35;A143;A152;2;A174;1;A192;A201;Good
3;12;4;A49;2292;0;0;4;A93;A101;2;A123;42;A142;A152;2;A174;1;A192;A201;Bad
3;10;2;A40;1597;2;2;3;A93;A101;2;A124;40;A143;A151;1;A172;2;A191;A202;Good
0;24;2;A40;1381;4;2;4;A92;A101;2;A122;35;A143;A152;1;A173;1;A191;A201;Bad
3;36;4;A41;5842;0;4;2;A93;A101;2;A122;35;A143;A152;2;A173;2;A192;A201;Good
0;12;2;A40;2579;0;1;4;A93;A101;1;A121;33;A143;A152;1;A172;2;A191;A201;Bad
0;18;3;A46;8471;4;2;1;A92;A101;2;A123;23;A143;A151;2;A173;1;A192;A201;Good
3;21;2;A40;2782;2;3;1;A92;A101;2;A123;31;A141;A152;1;A174;1;A191;A201;Good
1;18;2;A40;1042;4;2;4;A92;A101;2;A122;33;A143;A152;1;A173;1;A191;A201;Bad
3;15;2;A40;3186;3;3;2;A92;A101;3;A123;20;A143;A151;1;A173;1;A191;A201;Good
1;12;2;A41;2028;4;2;4;A93;A101;2;A123;30;A143;A152;1;A173;1;A191;A201;Good
1;12;4;A40;958;0;3;2;A93;A101;3;A121;47;A143;A152;2;A172;2;A191;A201;Good
3;21;3;A42;1591;1;3;4;A93;A101;3;A121;34;A143;A152;2;A174;1;A191;A201;Good
1;12;2;A42;2762;4;4;1;A92;A101;2;A122;25;A141;A152;1;A173;1;A192;A201;Bad
1;18;2;A41;2779;0;2;1;A94;A101;3;A123;21;A143;A151;1;A173;1;A192;A201;Good
3;28;4;A43;2743;0;4;4;A93;A101;2;A123;29;A143;A152;2;A173;1;A191;A201;Good
3;18;4;A43;1149;3;2;4;A93;A101;3;A121;46;A143;A152;2;A173;1;A191;A201;Good
3;9;2;A42;1313;0;4;1;A93;A101;4;A123;20;A143;A152;1;A173;1;A191;A201;Good
0;18;4;A45;1190;0;0;2;A92;A101;4;A124;55;A143;A153;3;A171;2;A191;A201;Bad
3;5;2;A49;3448;0;3;1;A93;A101;4;A121;74;A143;A152;1;A172;1;A191;A201;Good
1;24;2;A410;11328;0;2;2;A93;A102;3;A123;29;A141;A152;2;A174;1;A192;A201;Bad
0;6;4;A42;1872;0;0;4;A93;A101;4;A124;36;A143;A153;3;A174;1;A192;A201;Good
3;24;4;A45;2058;0;2;4;A91;A101;2;A121;33;A143;A152;2;A173;1;A192;A201;Good
0;9;2;A42;2136;0;2;3;A93;A101;2;A121;25;A143;A152;1;A173;1;A191;A201;Good
1;12;2;A43;1484;4;2;2;A94;A101;1;A121;25;A143;A152;1;A173;1;A192;A201;Bad
3;6;2;A45;660;2;3;2;A94;A101;4;A121;23;A143;A151;1;A172;1;A191;A201;Good
3;24;4;A40;1287;3;4;4;A92;A101;4;A121;37;A143;A152;2;A173;1;A192;A201;Good
0;42;4;A45;3394;0;0;4;A93;A102;4;A123;65;A143;A152;2;A171;1;A191;A201;Good
2;12;1;A49;609;0;1;4;A92;A101;1;A121;26;A143;A152;1;A171;1;A191;A201;Bad
3;12;2;A40;1884;0;4;4;A93;A101;4;A123;39;A143;A152;1;A174;1;A192;A201;Good
0;12;2;A42;1620;0;2;2;A92;A102;3;A122;30;A143;A152;1;A173;1;A191;A201;Good
1;20;3;A410;2629;0;2;2;A93;A101;3;A123;29;A141;A152;2;A173;1;A192;A201;Good
3;12;2;A46;719;0;4;4;A93;A101;4;A123;41;A141;A152;1;A172;2;A191;A201;Bad
1;48;4;A42;5096;0;2;2;A92;A101;3;A123;30;A143;A152;1;A174;1;A192;A201;Bad
3;9;4;A46;1244;4;4;4;A92;A101;4;A122;41;A143;A151;2;A172;1;A191;A201;Good
0;36;2;A40;1842;0;1;4;A92;A101;4;A123;34;A143;A152;1;A173;1;A192;A201;Bad
1;7;2;A43;2576;0;2;2;A93;A103;2;A121;35;A143;A152;1;A173;1;A191;A201;Good
2;12;2;A42;1424;4;4;3;A92;A101;4;A121;55;A143;A152;1;A174;1;A192;A201;Good
1;15;3;A45;1512;3;2;3;A94;A101;3;A122;61;A142;A152;2;A173;1;A191;A201;Bad
3;36;4;A41;11054;4;2;4;A93;A101;2;A123;30;A143;A152;1;A174;1;A192;A201;Good
3;6;2;A43;518;0;2;3;A92;A101;1;A121;29;A143;A152;1;A173;1;A191;A201;Good
3;12;0;A42;2759;0;4;2;A93;A101;4;A122;34;A143;A152;2;A173;1;A191;A201;Good
3;24;2;A41;2670;0;4;4;A93;A101;4;A123;35;A143;A152;1;A174;1;A192;A201;Good
0;24;2;A40;4817;0;3;2;A93;A102;3;A122;31;A143;A152;1;A173;1;A192;A201;Bad
3;24;2;A41;2679;0;1;4;A92;A101;1;A124;29;A143;A152;1;A174;1;A192;A201;Good
0;11;4;A40;3905;0;2;2;A93;A101;2;A121;36;A143;A151;2;A173;2;A191;A201;Good
0;12;2;A41;3386;0;4;3;A93;A101;4;A124;35;A143;A153;1;A173;1;A192;A201;Bad
0;6;2;A44;343;0;1;4;A92;A101;1;A121;27;A143;A152;1;A173;1;A191;A201;Good
3;18;2;A43;4594;0;1;3;A93;A101;2;A123;32;A143;A152;1;A173;1;A192;A201;Good
0;36;2;A42;3620;0;2;1;A93;A103;2;A122;37;A143;A152;1;A173;2;A191;A201;Good
0;15;2;A40;1721;0;1;2;A93;A101;3;A121;36;A143;A152;1;A173;1;A191;A201;Good
1;12;2;A42;3017;0;1;3;A92;A101;1;A121;34;A143;A151;1;A174;1;A191;A201;Good
1;12;2;A48;754;4;4;4;A93;A101;4;A122;38;A143;A152;2;A173;1;A191;A201;Good
3;18;2;A49;1950;0;3;4;A93;A101;1;A123;34;A142;A152;2;A173;1;A192;A201;Good
0;24;2;A41;2924;0;2;3;A93;A103;4;A124;63;A141;A152;1;A173;2;A192;A201;Good
0;24;3;A43;1659;0;1;4;A92;A101;2;A123;29;A143;A151;1;A172;1;A192;A201;Bad
3;48;3;A43;7238;4;4;3;A93;A101;3;A123;32;A141;A152;2;A173;2;A191;A201;Good
3;33;3;A49;2764;0;2;2;A92;A101;2;A123;26;A143;A152;2;A173;1;A192;A201;Good
3;24;3;A41;4679;0;3;3;A93;A101;3;A123;35;A143;A152;2;A172;1;A192;A201;Good
1;24;2;A43;3092;1;1;3;A94;A101;2;A123;22;A143;A151;1;A173;1;A192;A201;Bad
0;6;2;A46;448;0;1;4;A92;A101;4;A122;23;A143;A152;1;A173;1;A191;A201;Bad
0;9;2;A40;654;0;2;4;A93;A101;3;A123;28;A143;A152;1;A172;1;A191;A201;Bad
3;6;2;A48;1238;4;0;4;A93;A101;4;A122;36;A143;A152;1;A174;2;A192;A201;Good
1;18;4;A43;1245;0;2;4;A94;A101;2;A123;33;A143;A152;1;A173;1;A191;A201;Bad
0;18;0;A42;3114;0;1;1;A92;A101;4;A122;26;A143;A151;1;A173;1;A191;A201;Bad
3;39;2;A41;2569;2;2;4;A93;A101;4;A123;24;A143;A152;1;A173;1;A191;A201;Good
2;24;2;A43;5152;0;3;4;A93;A101;2;A123;25;A141;A152;1;A173;1;A191;A201;Good
1;12;2;A49;1037;1;3;3;A93;A101;4;A121;39;A143;A152;1;A172;1;A191;A201;Good
0;15;4;A42;1478;0;4;4;A93;A101;4;A123;44;A143;A152;2;A173;2;A192;A201;Good
1;12;4;A43;3573;0;2;1;A92;A101;1;A121;23;A143;A152;1;A172;1;A191;A201;Good
1;24;2;A40;1201;0;1;4;A93;A101;1;A122;26;A143;A152;1;A173;1;A191;A201;Good
0;30;2;A42;3622;3;4;4;A92;A101;4;A122;57;A143;A151;2;A173;1;A192;A201;Good
3;15;3;A42;960;3;3;3;A92;A101;2;A122;30;A143;A152;2;A173;1;A191;A201;Good
3;12;4;A40;1163;2;2;4;A93;A101;4;A121;44;A143;A152;1;A173;1;A192;A201;Good
1;6;3;A40;1209;0;0;4;A93;A101;4;A122;47;A143;A152;1;A174;1;A192;A201;Bad
3;12;2;A43;3077;0;2;2;A93;A101;4;A123;52;A143;A152;1;A173;1;A192;A201;Good
3;24;2;A40;3757;0;4;4;A92;A102;4;A124;62;A143;A153;1;A173;1;A192;A201;Good
3;10;2;A40;1418;1;2;3;A93;A101;2;A121;35;A143;A151;1;A172;1;A191;A202;Good
3;6;2;A40;3518;0;2;2;A93;A103;3;A122;26;A143;A151;1;A173;1;A191;A201;Good
3;12;4;A43;1934;0;4;2;A93;A101;2;A124;26;A143;A152;2;A173;1;A191;A201;Good
1;27;0;A49;8318;0;4;2;A92;A101;4;A124;42;A143;A153;2;A174;1;A192;A201;Bad
3;6;4;A43;1237;1;2;1;A92;A101;1;A122;27;A143;A152;2;A173;1;A191;A201;Good
1;6;2;A43;368;4;4;4;A93;A101;4;A122;38;A143;A152;1;A173;1;A191;A201;Good
0;12;4;A40;2122;0;2;3;A93;A101;2;A121;39;A143;A151;2;A172;2;A191;A202;Good
0;24;2;A42;2996;4;2;2;A94;A101;4;A123;20;A143;A152;1;A173;1;A191;A201;Bad
1;36;2;A42;9034;1;1;4;A93;A102;1;A124;29;A143;A151;1;A174;1;A192;A201;Bad
3;24;4;A42;1585;0;3;4;A93;A101;3;A122;40;A143;A152;2;A173;1;A191;A201;Good
1;18;2;A43;1301;0;4;4;A94;A103;2;A121;32;A143;A152;1;A172;1;A191;A201;Good
2;6;4;A40;1323;1;4;2;A91;A101;4;A123;28;A143;A152;2;A173;2;A192;A201;Good
0;24;2;A40;3123;0;1;4;A92;A101;1;A122;27;A143;A152;1;A173;1;A191;A201;Bad
0;36;2;A41;5493;0;4;2;A93;A101;4;A124;42;A143;A153;1;A173;2;A191;A201;Good
2;9;2;A43;1126;1;4;2;A91;A101;4;A121;49;A143;A152;1;A173;1;A191;A201;Good
1;24;4;A43;1216;1;1;4;A93;A101;4;A124;38;A141;A152;2;A173;2;A191;A201;Bad
0;24;2;A40;1207;0;1;4;A92;A101;4;A122;24;A143;A151;1;A173;1;A191;A201;Bad
3;10;2;A40;1309;4;2;4;A93;A103;4;A122;27;A143;A152;1;A172;1;A191;A201;Bad
2;15;4;A41;2360;2;2;2;A93;A101;2;A123;36;A143;A152;1;A173;1;A192;A201;Good
1;15;1;A40;6850;1;0;1;A93;A101;2;A122;34;A143;A152;1;A174;2;A192;A201;Bad
3;24;2;A43;1413;0;2;4;A94;A101;2;A122;28;A143;A152;1;A173;1;A191;A201;Good
3;39;2;A41;8588;1;4;4;A93;A101;2;A123;45;A143;A152;1;A174;1;A192;A201;Good
0;12;2;A40;759;0;3;4;A93;A101;2;A121;26;A143;A152;1;A173;1;A191;A201;Bad
3;36;2;A41;4686;0;2;2;A93;A101;2;A124;32;A143;A153;1;A174;1;A192;A201;Good
2;15;2;A49;2687;0;3;2;A93;A101;4;A122;26;A143;A151;1;A173;1;A192;A201;Good
1;12;3;A43;585;0;2;4;A94;A102;4;A121;20;A143;A151;2;A173;1;A191;A201;Good
3;24;2;A40;2255;4;1;4;A93;A101;1;A122;54;A143;A152;1;A173;1;A191;A201;Good
0;6;4;A40;609;0;3;4;A92;A101;3;A122;37;A143;A152;2;A173;1;A191;A202;Good
0;6;4;A40;1361;0;1;2;A93;A101;4;A121;40;A143;A152;1;A172;2;A191;A202;Good
3;36;4;A42;7127;0;1;2;A92;A101;4;A122;23;A143;A151;2;A173;1;A192;A201;Bad
0;6;2;A40;1203;1;4;3;A93;A101;2;A122;43;A143;A152;1;A173;1;A192;A201;Good
3;6;4;A43;700;4;4;4;A93;A101;4;A124;36;A143;A153;2;A173;1;A191;A201;Good
3;24;4;A45;5507;0;4;3;A93;A101;4;A124;44;A143;A153;2;A173;1;A191;A201;Good
0;18;2;A43;3190;0;2;2;A92;A101;2;A121;24;A143;A152;1;A173;1;A191;A201;Bad
0;48;0;A42;7119;0;2;3;A93;A101;4;A124;53;A143;A153;2;A173;2;A191;A201;Bad
3;24;2;A41;3488;1;3;3;A92;A101;4;A123;23;A143;A152;1;A173;1;A191;A201;Good
1;18;2;A43;1113;0;2;4;A92;A103;4;A121;26;A143;A152;1;A172;2;A191;A201;Good
1;26;2;A41;7966;0;1;2;A93;A101;3;A123;30;A143;A152;2;A173;1;A191;A201;Good
3;15;4;A46;1532;1;2;4;A92;A101;3;A123;31;A143;A152;1;A173;1;A191;A201;Good
3;4;4;A43;1503;0;3;2;A93;A101;1;A121;42;A143;A152;2;A172;2;A191;A201;Good
0;36;2;A43;2302;0;2;4;A91;A101;4;A123;31;A143;A151;1;A173;1;A191;A201;Bad
0;6;2;A40;662;0;1;3;A93;A101;4;A121;41;A143;A152;1;A172;2;A192;A201;Good
1;36;2;A46;2273;0;3;3;A93;A101;1;A123;32;A143;A152;2;A173;2;A191;A201;Good
1;15;2;A40;2631;1;2;2;A92;A101;4;A123;28;A143;A151;2;A173;1;A192;A201;Bad
3;12;3;A41;1503;0;2;4;A94;A101;4;A121;41;A143;A151;1;A173;1;A191;A201;Good
3;24;2;A43;1311;1;3;4;A94;A101;3;A122;26;A143;A152;1;A173;1;A192;A201;Good
3;24;2;A43;3105;4;1;4;A93;A101;2;A123;25;A143;A152;2;A173;1;A191;A201;Good
2;21;4;A46;2319;0;1;2;A91;A101;1;A123;33;A143;A151;1;A173;1;A191;A201;Bad
0;6;2;A40;1374;4;0;4;A92;A101;3;A122;75;A143;A152;1;A174;1;A192;A201;Good
1;18;4;A42;3612;0;4;3;A92;A101;4;A122;37;A143;A152;1;A173;1;A192;A201;Good
0;48;2;A40;7763;0;4;4;A93;A101;4;A124;42;A141;A153;1;A174;1;A191;A201;Bad
2;18;2;A42;3049;0;1;1;A92;A101;1;A122;45;A142;A152;1;A172;1;A191;A201;Good
1;12;2;A43;1534;0;1;1;A94;A101;1;A121;23;A143;A151;1;A173;1;A191;A201;Bad
3;24;3;A40;2032;0;4;4;A93;A101;4;A124;60;A143;A153;2;A173;1;A192;A201;Good
0;30;2;A42;6350;4;4;4;A93;A101;4;A122;31;A143;A152;1;A173;1;A191;A201;Bad
2;18;2;A42;2864;0;2;2;A93;A101;1;A121;34;A143;A152;1;A172;2;A191;A201;Bad
3;12;4;A40;1255;0;4;4;A93;A101;4;A121;61;A143;A152;2;A172;1;A191;A201;Good
0;24;3;A40;1333;0;0;4;A93;A101;2;A121;43;A143;A153;2;A173;2;A191;A201;Bad
3;24;4;A40;2022;0;2;4;A92;A101;4;A123;37;A143;A152;1;A173;1;A192;A201;Good
3;24;2;A43;1552;0;3;3;A93;A101;1;A123;32;A141;A152;1;A173;2;A191;A201;Good
0;12;1;A43;626;0;2;4;A92;A101;4;A121;24;A141;A152;1;A172;1;A191;A201;Bad
3;48;4;A41;8858;4;3;2;A93;A101;1;A124;35;A143;A153;2;A173;1;A192;A201;Good
3;12;4;A45;996;4;3;4;A92;A101;4;A121;23;A143;A152;2;A173;1;A191;A201;Good
3;6;1;A43;1750;2;4;2;A93;A101;4;A122;45;A141;A152;1;A172;2;A191;A201;Good
0;48;2;A43;6999;0;3;1;A94;A103;1;A121;34;A143;A152;2;A173;1;A192;A201;Bad
1;12;4;A40;1995;1;1;4;A93;A101;1;A123;27;A143;A152;1;A173;1;A191;A201;Good
1;9;2;A46;1199;0;3;4;A92;A101;4;A122;67;A143;A152;2;A174;1;A192;A201;Good
1;12;2;A43;1331;0;1;2;A93;A101;1;A123;22;A142;A152;1;A173;1;A191;A201;Bad
1;18;0;A40;2278;1;1;3;A92;A101;3;A123;28;A143;A152;2;A173;1;A191;A201;Bad
3;21;0;A40;5003;4;2;1;A92;A101;4;A122;29;A141;A152;2;A173;1;A192;A201;Bad
0;24;1;A42;3552;0;3;3;A93;A101;4;A123;27;A141;A152;1;A173;1;A191;A201;Bad
1;18;4;A42;1928;0;1;2;A93;A101;2;A121;31;A143;A152;2;A172;1;A191;A201;Bad
0;24;2;A41;2964;4;4;4;A93;A101;4;A124;49;A141;A153;1;A173;2;A192;A201;Good
0;24;1;A43;1546;0;3;4;A93;A103;4;A123;24;A141;A151;1;A172;1;A191;A201;Bad
2;6;3;A43;683;0;1;2;A92;A101;1;A122;29;A141;A152;1;A173;1;A191;A201;Good
1;36;2;A40;12389;4;2;1;A93;A101;4;A124;37;A143;A153;1;A173;1;A192;A201;Bad
1;24;3;A49;4712;4;2;4;A93;A101;2;A122;37;A141;A152;2;A174;1;A192;A201;Good
1;24;3;A43;1553;1;3;3;A92;A101;2;A122;23;A143;A151;2;A173;1;A192;A201;Good
0;12;2;A40;1372;0;3;2;A91;A101;3;A123;36;A143;A152;1;A173;1;A191;A201;Bad
3;24;4;A43;2578;3;4;2;A93;A101;2;A123;34;A143;A152;1;A173;1;A191;A201;Good
1;48;2;A43;3979;4;3;4;A93;A101;1;A123;41;A143;A152;2;A173;2;A192;A201;Good
0;48;2;A43;6758;0;2;3;A92;A101;2;A123;31;A143;A152;1;A173;1;A192;A201;Bad
0;24;2;A42;3234;0;1;4;A92;A101;4;A121;23;A143;A151;1;A172;1;A192;A201;Bad
3;30;4;A43;5954;0;3;3;A93;A102;2;A123;38;A143;A152;1;A173;1;A191;A201;Good
3;24;2;A41;5433;4;0;2;A92;A101;4;A122;26;A143;A151;1;A174;1;A192;A201;Good
0;15;2;A49;806;0;2;4;A92;A101;4;A122;22;A143;A152;1;A172;1;A191;A201;Good
1;9;2;A43;1082;0;4;4;A93;A101;4;A123;27;A143;A152;2;A172;1;A191;A201;Good
3;15;4;A42;2788;0;3;2;A92;A102;3;A123;24;A141;A152;2;A173;1;A191;A201;Good
1;12;2;A43;2930;0;3;2;A92;A101;1;A121;27;A143;A152;1;A173;1;A191;A201;Good
3;24;4;A46;1927;4;2;3;A92;A101;2;A123;33;A143;A152;2;A173;1;A192;A201;Good
1;36;4;A40;2820;0;1;4;A91;A101;4;A123;27;A143;A152;2;A173;1;A191;A201;Bad
3;24;2;A48;937;0;1;4;A94;A101;3;A123;27;A143;A152;2;A172;1;A191;A201;Good
1;18;4;A40;1056;0;4;3;A93;A103;3;A121;30;A141;A152;2;A173;1;A191;A201;Bad
1;12;4;A40;3124;0;1;1;A93;A101;3;A121;49;A141;A152;2;A172;2;A191;A201;Good
3;9;2;A42;1388;0;2;4;A92;A101;2;A121;26;A143;A151;1;A173;1;A191;A201;Good
1;36;2;A45;2384;0;1;4;A93;A101;1;A124;33;A143;A151;1;A172;1;A191;A201;Bad
3;12;2;A40;2133;4;4;4;A92;A101;4;A124;52;A143;A153;1;A174;1;A192;A201;Good
0;18;2;A42;2039;0;2;1;A92;A101;4;A121;20;A141;A151;1;A173;1;A191;A201;Bad
0;9;4;A40;2799;0;2;2;A93;A101;2;A121;36;A143;A151;2;A173;2;A191;A201;Good
0;12;2;A42;1289;0;2;4;A93;A103;1;A122;21;A143;A152;1;A172;1;A191;A201;Good
0;18;2;A44;1217;0;2;4;A94;A101;3;A121;47;A143;A152;1;A172;1;A192;A201;Bad
0;12;4;A42;2246;0;4;3;A93;A101;3;A122;60;A143;A152;2;A173;1;A191;A201;Bad
0;12;4;A43;385;0;3;4;A92;A101;3;A121;58;A143;A152;4;A172;1;A192;A201;Good
1;24;3;A40;1965;4;2;4;A92;A101;4;A123;42;A143;A151;2;A173;1;A192;A201;Good
3;21;2;A49;1572;3;4;4;A92;A101;4;A121;36;A141;A152;1;A172;1;A191;A201;Good
1;24;2;A40;2718;0;2;3;A92;A101;4;A122;20;A143;A151;1;A172;1;A192;A201;Bad
0;24;1;A410;1358;4;4;4;A93;A101;3;A123;40;A142;A152;1;A174;1;A192;A201;Bad
1;6;1;A40;931;1;1;1;A92;A101;1;A122;32;A142;A152;1;A172;1;A191;A201;Bad
0;24;2;A40;1442;0;3;4;A92;A101;4;A123;23;A143;A151;2;A173;1;A191;A201;Bad
1;24;0;A49;4241;0;2;1;A93;A101;4;A121;36;A143;A152;3;A172;1;A192;A201;Bad
3;18;4;A40;2775;0;3;2;A93;A101;2;A122;31;A141;A152;2;A173;1;A191;A201;Bad
3;24;3;A49;3863;0;2;1;A93;A101;2;A124;32;A143;A153;1;A173;1;A191;A201;Good
1;7;2;A43;2329;0;1;1;A92;A103;1;A121;45;A143;A152;1;A173;1;A191;A201;Good
1;9;2;A42;918;0;2;4;A92;A101;1;A122;30;A143;A152;1;A173;1;A191;A201;Bad
1;24;1;A46;1837;0;3;4;A92;A101;4;A124;34;A141;A153;1;A172;1;A191;A201;Bad
3;36;2;A42;3349;0;2;4;A92;A101;2;A123;28;A143;A152;1;A174;1;A192;A201;Bad
2;10;2;A42;1275;0;1;4;A92;A101;2;A122;23;A143;A152;1;A173;1;A191;A201;Good
0;24;1;A42;2828;2;2;4;A93;A101;4;A121;22;A142;A152;1;A173;1;A192;A201;Good
3;24;4;A49;4526;0;2;3;A93;A101;2;A121;74;A143;A152;1;A174;1;A192;A201;Good
1;36;2;A43;2671;1;2;4;A92;A102;4;A124;50;A143;A153;1;A173;1;A191;A201;Bad
3;18;2;A43;2051;0;1;4;A93;A101;1;A121;33;A143;A152;1;A173;1;A191;A201;Good
3;15;2;A41;1300;4;4;4;A93;A101;4;A124;45;A141;A153;1;A173;2;A191;A201;Good
0;12;2;A44;741;1;0;4;A92;A101;3;A122;22;A143;A152;1;A173;1;A191;A201;Bad
2;10;2;A40;1240;1;4;1;A92;A101;4;A124;48;A143;A153;1;A172;2;A191;A201;Bad
0;21;2;A43;3357;3;1;4;A92;A101;2;A123;29;A141;A152;1;A173;1;A191;A201;Good
0;24;1;A41;3632;0;2;1;A92;A103;4;A123;22;A141;A151;1;A173;1;A191;A202;Good
3;18;3;A42;1808;0;3;4;A92;A101;1;A121;22;A143;A152;1;A173;1;A191;A201;Bad
1;48;0;A49;12204;4;2;2;A93;A101;2;A123;48;A141;A152;1;A174;1;A192;A201;Good
1;60;3;A43;9157;4;2;2;A93;A101;2;A124;27;A143;A153;1;A174;1;A191;A201;Good
0;6;4;A40;3676;0;2;1;A93;A101;3;A121;37;A143;A151;3;A173;2;A191;A201;Good
1;30;2;A42;3441;1;2;2;A92;A102;4;A123;21;A143;A151;1;A173;1;A191;A201;Bad
3;12;2;A40;640;0;2;4;A91;A101;2;A121;49;A143;A152;1;A172;1;A191;A201;Good
1;21;4;A49;3652;0;3;2;A93;A101;3;A122;27;A143;A152;2;A173;1;A191;A201;Good
3;18;4;A40;1530;0;2;3;A93;A101;2;A122;32;A141;A152;2;A173;1;A191;A201;Bad
3;48;2;A49;3914;4;2;4;A91;A101;2;A121;38;A141;A152;1;A173;1;A191;A201;Bad
0;12;2;A42;1858;0;1;4;A92;A101;1;A123;22;A143;A151;1;A173;1;A191;A201;Good
0;18;2;A43;2600;0;2;4;A93;A101;4;A124;65;A143;A153;2;A173;1;A191;A201;Bad
3;15;2;A43;1979;4;4;4;A93;A101;2;A123;35;A143;A152;1;A173;1;A191;A201;Good
2;6;2;A42;2116;0;2;2;A93;A101;2;A121;41;A143;A152;1;A173;1;A192;A201;Good
1;9;1;A40;1437;1;3;2;A93;A101;3;A124;29;A143;A152;1;A173;1;A191;A201;Bad
3;42;4;A42;4042;2;2;4;A93;A101;4;A121;36;A143;A152;2;A173;1;A192;A201;Good
3;9;2;A46;3832;4;4;1;A93;A101;4;A121;64;A143;A152;1;A172;1;A191;A201;Good
0;24;2;A43;3660;0;2;2;A92;A101;4;A123;28;A143;A152;1;A173;1;A191;A201;Good
0;18;1;A42;1553;0;2;4;A93;A101;3;A123;44;A141;A152;1;A173;1;A191;A201;Bad
1;15;2;A43;1444;4;1;4;A93;A101;1;A122;23;A143;A152;1;A173;1;A191;A201;Good
3;9;2;A42;1980;0;1;2;A92;A102;2;A123;19;A143;A151;2;A173;1;A191;A201;Bad
1;24;2;A40;1355;0;1;3;A92;A101;4;A123;25;A143;A152;1;A172;1;A192;A201;Bad
3;12;2;A46;1393;0;4;4;A93;A101;4;A122;47;A141;A152;3;A173;2;A192;A201;Good
3;24;2;A43;1376;2;3;4;A92;A101;1;A123;28;A143;A152;1;A173;1;A191;A201;Good
3;60;3;A43;15653;0;3;2;A93;A101;4;A123;21;A143;A152;2;A173;1;A192;A201;Good
3;12;2;A43;1493;0;1;4;A92;A101;3;A123;34;A143;A152;1;A173;2;A191;A201;Good
0;42;3;A43;4370;0;3;3;A93;A101;2;A122;26;A141;A152;2;A173;2;A192;A201;Bad
0;18;2;A46;750;0;0;4;A92;A101;1;A121;27;A143;A152;1;A171;1;A191;A201;Bad
1;15;2;A45;1308;0;4;4;A93;A101;4;A123;38;A143;A152;2;A172;1;A191;A201;Good
3;15;2;A46;4623;1;2;3;A93;A101;2;A122;40;A143;A152;1;A174;1;A192;A201;Bad
3;24;4;A43;1851;0;3;4;A94;A103;2;A123;33;A143;A152;2;A173;1;A192;A201;Good
0;18;4;A43;1880;0;3;4;A94;A101;1;A122;32;A143;A152;2;A174;1;A192;A201;Good
3;36;3;A49;7980;4;1;4;A93;A101;4;A123;27;A143;A151;2;A173;1;A192;A201;Bad
0;30;0;A42;4583;0;2;2;A91;A103;2;A121;32;A143;A152;2;A173;1;A191;A201;Good
3;12;2;A40;1386;2;2;2;A92;A101;2;A122;26;A143;A152;1;A173;1;A191;A201;Bad
2;24;2;A40;947;0;3;4;A93;A101;3;A124;38;A141;A153;1;A173;2;A191;A201;Bad
0;12;2;A46;684;0;2;4;A93;A101;4;A123;40;A143;A151;1;A172;2;A191;A201;Bad
0;48;2;A46;7476;0;3;4;A93;A101;1;A124;50;A143;A153;1;A174;1;A192;A201;Good
1;12;2;A42;1922;0;2;4;A93;A101;2;A122;37;A143;A152;1;A172;1;A191;A201;Bad
0;24;2;A40;2303;0;4;4;A93;A102;1;A121;45;A143;A152;1;A173;1;A191;A201;Bad
1;36;3;A40;8086;1;4;2;A93;A101;4;A123;42;A143;A152;4;A174;1;A192;A201;Bad
3;24;4;A41;2346;0;3;4;A93;A101;3;A123;35;A143;A152;2;A173;1;A192;A201;Good
0;14;2;A40;3973;0;0;1;A93;A101;4;A124;22;A143;A153;1;A173;1;A191;A201;Good
1;12;2;A40;888;0;4;4;A93;A101;4;A123;41;A141;A152;1;A172;2;A191;A201;Bad
3;48;2;A43;10222;4;3;4;A93;A101;3;A123;37;A142;A152;1;A173;1;A192;A201;Good
1;30;0;A49;4221;0;2;2;A92;A101;1;A123;28;A143;A152;2;A173;1;A191;A201;Good
1;18;4;A42;6361;0;4;2;A93;A101;1;A124;41;A143;A152;1;A173;1;A192;A201;Good
2;12;2;A43;1297;0;2;3;A94;A101;4;A121;23;A143;A151;1;A173;1;A191;A201;Good
0;12;2;A40;900;4;2;4;A94;A101;2;A123;23;A143;A152;1;A173;1;A191;A201;Bad
3;21;2;A42;2241;0;4;4;A93;A101;2;A121;50;A143;A152;2;A173;1;A191;A201;Good
1;6;3;A42;1050;0;0;4;A93;A101;1;A122;35;A142;A152;2;A174;1;A192;A201;Good
2;6;4;A46;1047;0;2;2;A92;A101;4;A122;50;A143;A152;1;A172;1;A191;A201;Good
3;24;4;A410;6314;0;0;4;A93;A102;2;A124;27;A141;A152;2;A174;1;A192;A201;Good
1;30;1;A42;3496;3;2;4;A93;A101;2;A123;34;A142;A152;1;A173;2;A192;A201;Good
3;48;1;A49;3609;0;2;1;A92;A101;1;A121;27;A142;A152;1;A173;1;A191;A201;Good
0;12;4;A40;4843;0;4;3;A93;A102;4;A122;43;A143;A151;2;A173;1;A192;A201;Bad
2;30;4;A43;3017;0;4;4;A93;A101;4;A122;47;A143;A152;1;A173;1;A191;A201;Good
3;24;4;A49;4139;1;2;3;A93;A101;3;A122;27;A143;A152;2;A172;1;A192;A201;Good
3;36;2;A49;5742;1;3;2;A93;A101;2;A123;31;A143;A152;2;A173;1;A192;A201;Good
3;60;2;A40;10366;0;4;2;A93;A101;4;A122;42;A143;A152;1;A174;1;A192;A201;Good
3;6;4;A40;2080;2;2;1;A94;A101;2;A123;24;A143;A152;1;A173;1;A191;A201;Good
3;21;3;A49;2580;2;1;4;A93;A101;2;A121;41;A141;A152;1;A172;2;A191;A201;Bad
3;30;4;A43;4530;0;3;4;A92;A101;4;A123;26;A143;A151;1;A174;1;A192;A201;Good
3;24;4;A42;5150;0;4;4;A93;A101;4;A123;33;A143;A152;1;A173;1;A192;A201;Good
1;72;2;A43;5595;1;2;2;A94;A101;2;A123;24;A143;A152;1;A173;1;A191;A201;Bad
0;24;2;A43;2384;0;4;4;A93;A101;4;A121;64;A141;A151;1;A172;1;A191;A201;Good
3;18;2;A43;1453;0;1;3;A92;A101;1;A121;26;A143;A152;1;A173;1;A191;A201;Good
3;6;2;A46;1538;0;1;1;A92;A101;2;A124;56;A143;A152;1;A173;1;A191;A201;Good
3;12;2;A43;2279;4;2;4;A93;A101;4;A124;37;A143;A153;1;A173;1;A192;A201;Good
3;15;3;A43;1478;0;2;4;A94;A101;3;A121;33;A141;A152;2;A173;1;A191;A201;Good
3;24;4;A43;5103;0;1;3;A94;A101;3;A124;47;A143;A153;3;A173;1;A192;A201;Good
1;36;3;A49;9857;1;3;1;A93;A101;3;A122;31;A143;A152;2;A172;2;A192;A201;Good
3;60;2;A40;6527;4;2;4;A93;A101;4;A124;34;A143;A153;1;A173;2;A192;A201;Good
2;10;4;A43;1347;4;3;4;A93;A101;2;A122;27;A143;A152;2;A173;1;A192;A201;Good
1;36;3;A40;2862;1;4;4;A93;A101;3;A124;30;A143;A153;1;A173;1;A191;A201;Good
3;9;2;A43;2753;1;4;3;A93;A102;4;A123;35;A143;A152;1;A173;1;A192;A201;Good
0;12;2;A40;3651;3;2;1;A93;A101;3;A122;31;A143;A152;1;A173;2;A191;A201;Good
0;15;4;A42;975;0;2;2;A91;A101;3;A122;25;A143;A152;2;A173;1;A191;A201;Good
1;15;2;A45;2631;1;2;3;A92;A101;2;A121;25;A143;A152;1;A172;1;A191;A201;Good
1;24;2;A43;2896;1;1;2;A93;A101;1;A123;29;A143;A152;1;A173;1;A191;A201;Good
0;6;4;A40;4716;4;1;1;A93;A101;3;A121;44;A143;A152;2;A172;2;A191;A201;Good
3;24;2;A43;2284;0;3;4;A93;A101;2;A123;28;A143;A152;1;A173;1;A192;A201;Good
3;6;2;A41;1236;2;2;2;A93;A101;4;A122;50;A143;A151;1;A173;1;A191;A201;Good
1;12;2;A43;1103;0;3;4;A93;A103;3;A121;29;A143;A152;2;A173;1;A191;A202;Good
3;12;4;A40;926;0;0;1;A92;A101;2;A122;38;A143;A152;1;A171;1;A191;A201;Good
3;18;4;A43;1800;0;2;4;A93;A101;2;A123;24;A143;A152;2;A173;1;A191;A201;Good
2;15;2;A46;1905;0;4;4;A93;A101;4;A123;40;A143;A151;1;A174;1;A192;A201;Good
3;12;2;A42;1123;2;2;4;A92;A101;4;A123;29;A143;A151;1;A172;1;A191;A201;Bad
0;48;4;A41;6331;0;4;4;A93;A101;4;A124;46;A143;A153;2;A173;1;A192;A201;Bad
2;24;2;A43;1377;1;4;4;A92;A101;2;A124;47;A143;A153;1;A173;1;A192;A201;Good
1;30;3;A49;2503;1;4;4;A93;A101;2;A122;41;A142;A152;2;A173;1;A191;A201;Good
1;27;2;A49;2528;0;1;4;A92;A101;1;A122;32;A143;A152;1;A173;2;A192;A201;Good
3;15;2;A40;5324;2;4;1;A92;A101;4;A124;35;A143;A153;1;A173;1;A191;A201;Good
1;48;2;A40;6560;1;3;3;A93;A101;2;A122;24;A143;A152;1;A173;1;A191;A201;Bad
1;12;0;A42;2969;0;1;4;A92;A101;3;A122;25;A143;A151;2;A173;1;A191;A201;Bad
1;9;2;A43;1206;0;4;4;A92;A101;4;A121;25;A143;A152;1;A173;1;A191;A201;Good
1;9;2;A43;2118;0;2;2;A93;A101;2;A121;37;A143;A152;1;A172;2;A191;A201;Good
3;18;4;A43;629;2;4;4;A93;A101;3;A122;32;A141;A152;2;A174;1;A192;A201;Good
0;6;1;A46;1198;0;4;4;A92;A101;4;A124;35;A143;A153;1;A173;1;A191;A201;Bad
3;21;2;A41;2476;4;4;4;A93;A101;4;A121;46;A143;A152;1;A174;1;A192;A201;Good
0;9;4;A43;1138;0;2;4;A93;A101;4;A121;25;A143;A152;2;A172;1;A191;A201;Good
1;60;2;A40;14027;0;3;4;A93;A101;2;A124;27;A143;A152;1;A174;1;A192;A201;Bad
3;30;4;A41;7596;4;4;1;A93;A101;4;A123;63;A143;A152;2;A173;1;A191;A201;Good
3;30;4;A43;3077;4;4;3;A93;A101;2;A123;40;A143;A152;2;A173;2;A192;A201;Good
3;18;2;A43;1505;0;2;4;A93;A101;2;A124;32;A143;A153;1;A174;1;A192;A201;Good
2;24;4;A43;3148;4;2;3;A93;A101;2;A123;31;A143;A152;2;A173;1;A192;A201;Good
1;20;0;A41;6148;1;4;3;A94;A101;4;A123;31;A141;A152;2;A173;1;A192;A201;Good
2;9;0;A43;1337;0;1;4;A93;A101;2;A123;34;A143;A152;2;A174;1;A192;A201;Bad
1;6;1;A46;433;3;1;4;A92;A101;2;A122;24;A141;A151;1;A173;2;A191;A201;Bad
0;12;2;A40;1228;0;2;4;A92;A101;2;A121;24;A143;A152;1;A172;1;A191;A201;Bad
1;9;2;A43;790;2;2;4;A92;A101;3;A121;66;A143;A152;1;A172;1;A191;A201;Good
3;27;2;A40;2570;0;2;3;A92;A101;3;A121;21;A143;A151;1;A173;1;A191;A201;Bad
3;6;4;A40;250;3;2;2;A92;A101;2;A121;41;A141;A152;2;A172;1;A191;A201;Good
3;15;4;A43;1316;2;2;2;A94;A101;2;A122;47;A143;A152;2;A172;1;A191;A201;Good
0;18;2;A43;1882;0;2;4;A92;A101;4;A123;25;A141;A151;2;A173;1;A191;A201;Bad
1;48;1;A49;6416;0;4;4;A92;A101;3;A124;59;A143;A151;1;A173;1;A191;A201;Bad
2;24;4;A49;1275;3;2;2;A91;A101;4;A121;36;A143;A152;2;A173;1;A192;A201;Good
1;24;3;A43;6403;0;1;1;A93;A101;2;A123;33;A143;A152;1;A173;1;A191;A201;Good
0;24;2;A43;1987;0;2;2;A93;A101;4;A121;21;A143;A151;1;A172;2;A191;A201;Bad
1;8;2;A43;760;0;3;4;A92;A103;2;A121;44;A143;A152;1;A172;1;A191;A201;Good
3;24;2;A41;2603;3;2;2;A92;A101;4;A123;28;A143;A151;1;A173;1;A192;A201;Good
3;4;4;A40;3380;0;3;1;A92;A101;1;A121;37;A143;A152;1;A173;2;A191;A201;Good
1;36;1;A44;3990;4;1;3;A92;A101;2;A124;29;A141;A152;1;A171;1;A191;A201;Good
1;24;2;A41;11560;0;2;1;A92;A101;4;A123;23;A143;A151;2;A174;1;A191;A201;Bad
0;18;2;A40;4380;1;2;3;A93;A101;4;A123;35;A143;A152;1;A172;2;A192;A201;Good
3;6;4;A40;6761;0;3;1;A93;A101;3;A124;45;A143;A152;2;A174;2;A192;A201;Good
1;30;0;A49;4280;1;2;4;A92;A101;4;A123;26;A143;A151;2;A172;1;A191;A201;Bad
0;24;1;A40;2325;1;3;2;A93;A101;3;A123;32;A141;A152;1;A173;1;A191;A201;Good
1;10;1;A43;1048;0;2;4;A93;A101;4;A121;23;A142;A152;1;A172;1;A191;A201;Good
3;21;2;A43;3160;4;4;4;A93;A101;3;A122;41;A143;A152;1;A173;1;A192;A201;Good
0;24;1;A42;2483;2;2;4;A93;A101;4;A121;22;A142;A152;1;A173;1;A192;A201;Good
0;39;4;A42;14179;4;3;4;A93;A101;4;A122;30;A143;A152;2;A174;1;A192;A201;Good
0;13;4;A49;1797;0;1;3;A93;A101;1;A122;28;A141;A152;2;A172;1;A191;A201;Good
0;15;2;A40;2511;0;0;1;A92;A101;4;A123;23;A143;A151;1;A173;1;A191;A201;Good
0;12;2;A40;1274;0;1;3;A92;A101;1;A121;37;A143;A152;1;A172;1;A191;A201;Bad
3;21;2;A41;5248;4;2;1;A93;A101;3;A123;26;A143;A152;1;A173;1;A191;A201;Good
3;15;2;A41;3029;0;3;2;A93;A101;2;A123;33;A143;A152;1;A173;1;A191;A201;Good
0;6;2;A42;428;0;4;2;A92;A101;1;A122;49;A141;A152;1;A173;1;A192;A201;Good
0;18;2;A40;976;0;1;1;A92;A101;2;A123;23;A143;A152;1;A172;1;A191;A201;Bad
1;12;2;A49;841;1;3;2;A92;A101;4;A121;23;A143;A151;1;A172;1;A191;A201;Good
3;30;4;A43;5771;0;3;4;A92;A101;2;A123;25;A143;A152;2;A173;1;A191;A201;Good
3;12;3;A45;1555;3;4;4;A93;A101;4;A124;55;A143;A153;2;A173;2;A191;A201;Bad
0;24;2;A40;1285;4;3;4;A92;A101;4;A124;32;A143;A151;1;A173;1;A191;A201;Bad
2;6;4;A40;1299;0;2;1;A93;A101;1;A121;74;A143;A152;3;A171;2;A191;A202;Good
2;15;4;A43;1271;4;2;3;A93;A101;4;A124;39;A143;A153;2;A173;1;A192;A201;Bad
3;24;2;A40;1393;0;2;2;A93;A103;2;A121;31;A143;A152;1;A173;1;A192;A201;Good
0;12;4;A40;691;0;4;4;A93;A101;3;A122;35;A143;A152;2;A173;1;A191;A201;Bad
3;15;4;A40;5045;4;4;1;A92;A101;4;A123;59;A143;A152;1;A173;1;A192;A201;Good
0;18;4;A42;2124;0;2;4;A92;A101;4;A121;24;A143;A151;2;A173;1;A191;A201;Bad
0;12;2;A43;2214;0;2;4;A93;A101;3;A122;24;A143;A152;1;A172;1;A191;A201;Good
3;21;4;A40;12680;4;4;4;A93;A101;4;A124;30;A143;A153;1;A174;1;A192;A201;Bad
3;24;4;A40;2463;1;3;4;A94;A101;3;A122;27;A143;A152;2;A173;1;A192;A201;Good
1;12;2;A43;1155;0;4;3;A94;A103;3;A121;40;A141;A152;2;A172;1;A191;A201;Good
0;30;2;A42;3108;0;1;2;A91;A101;4;A122;31;A143;A152;1;A172;1;A191;A201;Bad
3;10;2;A41;2901;4;1;1;A92;A101;4;A121;31;A143;A151;1;A173;1;A191;A201;Good
1;12;4;A42;3617;0;4;1;A93;A101;4;A123;28;A143;A151;3;A173;1;A192;A201;Good
3;12;4;A43;1655;0;4;2;A93;A101;4;A121;63;A143;A152;2;A172;1;A192;A201;Good
0;24;2;A41;2812;4;4;2;A92;A101;4;A121;26;A143;A151;1;A173;1;A191;A201;Good
0;36;4;A46;8065;0;2;3;A92;A101;2;A124;25;A143;A152;2;A174;1;A192;A201;Bad
3;21;4;A41;3275;0;4;1;A93;A101;4;A123;36;A143;A152;1;A174;1;A192;A201;Good
3;24;4;A43;2223;1;4;4;A93;A101;4;A122;52;A141;A152;2;A173;1;A191;A201;Good
2;12;4;A40;1480;2;0;2;A93;A101;4;A124;66;A141;A153;3;A171;1;A191;A201;Good
0;24;2;A40;1371;4;2;4;A92;A101;4;A121;25;A143;A151;1;A173;1;A191;A201;Bad
3;36;4;A40;3535;0;3;4;A93;A101;4;A123;37;A143;A152;2;A173;1;A192;A201;Good
0;18;2;A43;3509;0;3;4;A92;A103;1;A121;25;A143;A152;1;A173;1;A191;A201;Good
3;36;4;A41;5711;3;4;4;A93;A101;2;A123;38;A143;A152;2;A174;1;A192;A201;Good
1;18;2;A45;3872;0;0;2;A92;A101;4;A123;67;A143;A152;1;A173;1;A192;A201;Good
1;39;4;A43;4933;0;3;2;A93;A103;2;A121;25;A143;A152;2;A173;1;A191;A201;Bad
3;24;4;A40;1940;3;4;4;A93;A101;4;A121;60;A143;A152;1;A173;1;A192;A201;Good
1;12;0;A48;1410;0;2;2;A93;A101;2;A121;31;A143;A152;1;A172;1;A192;A201;Good
1;12;2;A40;836;1;1;4;A92;A101;2;A122;23;A141;A152;1;A172;1;A191;A201;Bad
1;20;2;A41;6468;4;0;1;A91;A101;4;A121;60;A143;A152;1;A174;1;A192;A201;Good
1;18;2;A49;1941;3;2;4;A93;A101;2;A122;35;A143;A152;1;A172;1;A192;A201;Good
3;22;2;A43;2675;2;4;3;A93;A101;4;A123;40;A143;A152;1;A173;1;A191;A201;Good
3;48;4;A41;2751;4;4;4;A93;A101;3;A123;38;A143;A152;2;A173;2;A192;A201;Good
1;48;3;A46;6224;0;4;4;A93;A101;4;A124;50;A143;A153;1;A173;1;A191;A201;Bad
0;40;4;A46;5998;0;2;4;A93;A101;3;A124;27;A141;A152;1;A173;1;A192;A201;Bad
1;21;2;A49;1188;0;4;2;A92;A101;4;A122;39;A143;A152;1;A173;2;A191;A201;Bad
3;24;2;A41;6313;4;4;3;A93;A101;4;A123;41;A143;A152;1;A174;2;A192;A201;Good
3;6;4;A42;1221;4;2;1;A94;A101;2;A122;27;A143;A152;2;A173;1;A191;A201;Good
2;24;2;A42;2892;0;4;3;A91;A101;4;A124;51;A143;A153;1;A173;1;A191;A201;Good
3;24;2;A42;3062;2;4;4;A93;A101;3;A124;32;A143;A151;1;A173;1;A192;A201;Good
3;9;2;A42;2301;1;1;2;A92;A101;4;A122;22;A143;A151;1;A173;1;A191;A201;Good
0;18;2;A41;7511;4;4;1;A93;A101;4;A122;51;A143;A153;1;A173;2;A192;A201;Bad
3;12;4;A42;1258;0;1;2;A92;A101;4;A122;22;A143;A151;2;A172;1;A191;A201;Good
3;24;3;A40;717;4;4;4;A94;A101;4;A123;54;A143;A152;2;A173;1;A192;A201;Good
1;9;2;A40;1549;4;1;4;A93;A101;2;A121;35;A143;A152;1;A171;1;A191;A201;Good
3;24;4;A46;1597;0;4;4;A93;A101;4;A124;54;A143;A153;2;A173;2;A191;A201;Good
1;18;4;A43;1795;0;4;3;A92;A103;4;A121;48;A141;A151;2;A172;1;A192;A201;Good
0;20;4;A42;4272;0;4;1;A92;A101;4;A122;24;A143;A152;2;A173;1;A191;A201;Good
3;12;4;A43;976;4;4;4;A93;A101;4;A123;35;A143;A152;2;A173;1;A191;A201;Good
1;12;2;A40;7472;4;0;1;A92;A101;2;A121;24;A143;A151;1;A171;1;A191;A201;Good
0;36;2;A40;9271;0;3;2;A93;A101;1;A123;24;A143;A152;1;A173;1;A192;A201;Bad
1;6;2;A43;590;0;1;3;A94;A101;3;A121;26;A143;A152;1;A172;1;A191;A202;Good
3;12;4;A43;930;4;4;4;A93;A101;4;A121;65;A143;A152;4;A173;1;A191;A201;Good
1;42;1;A41;9283;0;0;1;A93;A101;2;A124;55;A141;A153;1;A174;1;A192;A201;Good
1;15;0;A40;1778;0;1;2;A92;A101;1;A121;26;A143;A151;2;A171;1;A191;A201;Bad
1;8;2;A49;907;0;1;3;A94;A101;2;A121;26;A143;A152;1;A173;1;A192;A201;Good
1;6;2;A43;484;0;3;3;A94;A103;3;A121;28;A141;A152;1;A172;1;A191;A201;Good
0;36;4;A41;9629;0;3;4;A93;A101;4;A123;24;A143;A152;2;A173;1;A192;A201;Bad
0;48;2;A44;3051;0;2;3;A93;A101;4;A123;54;A143;A152;1;A173;1;A191;A201;Bad
0;48;2;A40;3931;0;3;4;A93;A101;4;A124;46;A143;A153;1;A173;2;A191;A201;Bad
1;36;3;A40;7432;0;2;2;A92;A101;2;A122;54;A143;A151;1;A173;1;A191;A201;Good
3;6;2;A44;1338;2;2;1;A91;A101;4;A121;62;A143;A152;1;A173;1;A191;A201;Good
3;6;4;A43;1554;0;3;1;A92;A101;2;A123;24;A143;A151;2;A173;1;A192;A201;Good
0;36;2;A410;15857;0;0;2;A91;A102;3;A123;43;A143;A152;1;A174;1;A191;A201;Good
0;18;2;A43;1345;0;2;4;A94;A101;3;A121;26;A141;A152;1;A173;1;A191;A201;Bad
3;12;2;A40;1101;0;2;3;A94;A101;2;A121;27;A143;A152;2;A173;1;A192;A201;Good
2;12;2;A43;3016;0;2;3;A94;A101;1;A123;24;A143;A152;1;A173;1;A191;A201;Good
0;36;2;A42;2712;0;4;2;A93;A101;2;A122;41;A141;A152;1;A173;2;A191;A201;Bad
0;8;4;A40;731;0;4;4;A93;A101;4;A121;47;A143;A152;2;A172;1;A191;A201;Good
3;18;4;A42;3780;0;1;3;A91;A101;2;A123;35;A143;A152;2;A174;1;A192;A201;Good
0;21;4;A40;1602;0;4;4;A94;A101;3;A123;30;A143;A152;2;A173;1;A192;A201;Good
0;18;4;A40;3966;0;4;1;A92;A101;4;A121;33;A141;A151;3;A173;1;A192;A201;Bad
3;18;0;A49;4165;0;2;2;A93;A101;2;A123;36;A142;A152;2;A173;2;A191;A201;Bad
0;36;2;A41;8335;4;4;3;A93;A101;4;A124;47;A143;A153;1;A173;1;A191;A201;Bad
1;48;3;A49;6681;4;2;4;A93;A101;4;A124;38;A143;A153;1;A173;2;A192;A201;Good
3;24;3;A49;2375;2;2;4;A93;A101;2;A123;44;A143;A152;2;A173;2;A192;A201;Good
0;18;2;A40;1216;0;1;4;A92;A101;3;A123;23;A143;A151;1;A173;1;A192;A201;Bad
0;45;0;A49;11816;0;4;2;A93;A101;4;A123;29;A143;A151;2;A173;1;A191;A201;Bad
1;24;2;A43;5084;4;4;2;A92;A101;4;A123;42;A143;A152;1;A173;1;A192;A201;Good
2;15;2;A43;2327;0;1;2;A92;A101;3;A121;25;A143;A152;1;A172;1;A191;A201;Bad
0;12;0;A40;1082;0;2;4;A93;A101;4;A123;48;A141;A152;2;A173;1;A191;A201;Bad
3;12;2;A43;886;4;2;4;A92;A101;2;A123;21;A143;A152;1;A173;1;A191;A201;Good
3;4;2;A42;601;0;1;1;A92;A101;3;A121;23;A143;A151;1;A172;2;A191;A201;Good
0;24;4;A41;2957;0;4;4;A93;A101;4;A122;63;A143;A152;2;A173;1;A192;A201;Good
3;24;4;A43;2611;0;4;4;A94;A102;3;A121;46;A143;A152;2;A173;1;A191;A201;Good
0;36;2;A42;5179;0;3;4;A93;A101;2;A122;29;A143;A152;1;A173;1;A191;A201;Bad
3;21;3;A41;2993;0;2;3;A93;A101;2;A121;28;A142;A152;2;A172;1;A191;A201;Good
3;18;2;A45;1943;0;1;4;A92;A101;4;A121;23;A143;A152;1;A173;1;A191;A201;Bad
3;24;1;A49;1559;0;3;4;A93;A101;4;A123;50;A141;A152;1;A173;1;A192;A201;Good
3;18;2;A42;3422;0;4;4;A93;A101;4;A122;47;A141;A152;3;A173;2;A192;A201;Good
1;21;2;A42;3976;4;3;2;A93;A101;3;A123;35;A143;A152;1;A173;1;A192;A201;Good
3;18;2;A40;6761;4;2;2;A93;A101;4;A123;68;A143;A151;2;A173;1;A191;A201;Bad
3;24;2;A40;1249;0;1;4;A94;A101;2;A121;28;A143;A152;1;A173;1;A191;A201;Good
0;9;2;A43;1364;0;3;3;A93;A101;4;A121;59;A143;A152;1;A173;1;A191;A201;Good
0;12;2;A43;709;0;4;4;A93;A101;4;A121;57;A142;A152;1;A172;1;A191;A201;Bad
0;20;4;A40;2235;0;2;4;A94;A103;2;A122;33;A141;A151;2;A173;1;A191;A202;Bad
3;24;4;A41;4042;4;3;3;A93;A101;4;A122;43;A143;A152;2;A173;1;A192;A201;Good
3;15;4;A43;1471;0;2;4;A93;A101;4;A124;35;A143;A153;2;A173;1;A192;A201;Good
0;18;1;A40;1442;0;3;4;A93;A101;4;A124;32;A143;A153;2;A172;2;A191;A201;Bad
3;36;3;A40;10875;0;4;2;A93;A101;2;A123;45;A143;A152;2;A173;2;A192;A201;Good
3;24;2;A40;1474;1;1;4;A94;A101;3;A121;33;A143;A152;1;A173;1;A192;A201;Good
3;10;2;A48;894;4;3;4;A92;A101;3;A122;40;A143;A152;1;A173;1;A192;A201;Good
3;15;4;A42;3343;0;2;4;A93;A101;2;A124;28;A143;A153;1;A173;1;A192;A201;Good
0;15;2;A40;3959;0;2;3;A92;A101;2;A122;29;A143;A152;1;A173;1;A192;A201;Bad
3;9;2;A40;3577;1;2;1;A93;A103;2;A121;26;A143;A151;1;A173;2;A191;A202;Good
3;24;4;A41;5804;3;2;4;A93;A101;2;A121;27;A143;A152;2;A173;1;A191;A201;Good
3;18;3;A49;2169;0;2;4;A94;A101;2;A123;28;A143;A152;1;A173;1;A192;A201;Bad
0;24;2;A43;2439;0;1;4;A92;A101;4;A121;35;A143;A152;1;A173;1;A192;A201;Bad
3;27;4;A42;4526;3;1;4;A93;A101;2;A121;32;A142;A152;2;A172;2;A192;A201;Good
3;10;2;A42;2210;0;2;2;A93;A101;2;A121;25;A141;A151;1;A172;1;A191;A201;Bad
3;15;2;A42;2221;2;2;2;A92;A101;4;A123;20;A143;A151;1;A173;1;A191;A201;Good
0;18;2;A43;2389;0;1;4;A92;A101;1;A123;27;A142;A152;1;A173;1;A191;A201;Good
3;12;4;A42;3331;0;4;2;A93;A101;4;A122;42;A142;A152;1;A173;1;A191;A201;Good
3;36;2;A49;7409;4;4;3;A93;A101;2;A122;37;A143;A152;2;A173;1;A191;A201;Good
0;12;2;A42;652;0;4;4;A92;A101;4;A122;24;A143;A151;1;A173;1;A191;A201;Good
3;36;3;A42;7678;2;3;2;A92;A101;4;A123;40;A143;A152;2;A173;1;A192;A201;Good
2;6;4;A40;1343;0;4;1;A93;A101;4;A121;46;A143;A152;2;A173;2;A191;A202;Good
0;24;4;A49;1382;1;3;4;A93;A101;1;A121;26;A143;A152;2;A173;1;A192;A201;Good
3;15;2;A44;874;4;1;4;A92;A101;1;A121;24;A143;A152;1;A173;1;A191;A201;Good
0;12;2;A42;3590;0;2;2;A93;A102;2;A122;29;A143;A152;1;A172;2;A191;A201;Good
1;11;4;A40;1322;3;2;4;A92;A101;4;A123;40;A143;A152;2;A173;1;A191;A201;Good
0;18;1;A43;1940;0;1;3;A93;A102;4;A124;36;A141;A153;1;A174;1;A192;A201;Good
3;36;2;A43;3595;0;4;4;A93;A101;2;A123;28;A143;A152;1;A173;1;A191;A201;Good
0;9;2;A40;1422;0;1;3;A93;A101;2;A124;27;A143;A153;1;A174;1;A192;A201;Bad
3;30;4;A43;6742;4;3;2;A93;A101;3;A122;36;A143;A152;2;A173;1;A191;A201;Good
3;24;2;A41;7814;0;3;3;A93;A101;3;A123;38;A143;A152;1;A174;1;A192;A201;Good
3;24;2;A41;9277;4;2;2;A91;A101;4;A124;48;A143;A153;1;A173;1;A192;A201;Good
1;30;4;A40;2181;4;4;4;A93;A101;4;A121;36;A143;A152;2;A173;1;A191;A201;Good
3;18;4;A43;1098;0;0;4;A92;A101;4;A123;65;A143;A152;2;A171;1;A191;A201;Good
1;24;2;A42;4057;0;3;3;A91;A101;3;A123;43;A143;A152;1;A173;1;A192;A201;Bad
0;12;2;A46;795;0;1;4;A92;A101;4;A122;53;A143;A152;1;A173;1;A191;A201;Bad
1;24;4;A49;2825;4;3;4;A93;A101;3;A124;34;A143;A152;2;A173;2;A192;A201;Good
1;48;2;A49;15672;0;2;2;A93;A101;2;A123;23;A143;A152;1;A173;1;A192;A201;Bad
3;36;4;A40;6614;0;4;4;A93;A101;4;A123;34;A143;A152;2;A174;1;A192;A201;Good
3;28;1;A41;7824;4;1;3;A93;A103;4;A121;40;A141;A151;2;A173;2;A192;A201;Good
0;27;4;A49;2442;0;4;4;A93;A101;4;A123;43;A142;A152;4;A174;2;A192;A201;Good
3;15;4;A43;1829;0;4;4;A93;A101;4;A123;46;A143;A152;2;A173;1;A192;A201;Good
0;12;4;A40;2171;0;2;4;A93;A101;4;A122;38;A141;A152;2;A172;1;A191;A202;Good
1;36;4;A41;5800;0;2;3;A93;A101;4;A123;34;A143;A152;2;A173;1;A192;A201;Good
3;18;4;A43;1169;4;2;4;A93;A101;3;A122;29;A143;A152;2;A173;1;A192;A201;Good
3;36;3;A41;8947;4;3;3;A93;A101;2;A123;31;A142;A152;1;A174;2;A192;A201;Good
0;21;2;A43;2606;0;1;4;A92;A101;4;A122;28;A143;A151;1;A174;1;A192;A201;Good
3;12;4;A42;1592;3;3;3;A92;A101;2;A122;35;A143;A152;1;A173;1;A191;A202;Good
3;15;2;A42;2186;4;3;1;A92;A101;4;A121;33;A141;A151;1;A172;1;A191;A201;Good
0;18;2;A42;4153;0;2;2;A93;A102;3;A123;42;A143;A152;1;A173;1;A191;A201;Bad
0;16;4;A40;2625;0;4;2;A93;A103;4;A122;43;A141;A151;1;A173;1;A192;A201;Bad
3;20;4;A40;3485;4;1;2;A91;A101;4;A121;44;A143;A152;2;A173;1;A192;A201;Good
3;36;4;A41;10477;4;4;2;A93;A101;4;A124;42;A143;A153;2;A173;1;A191;A201;Good
3;15;2;A43;1386;4;2;4;A94;A101;2;A121;40;A143;A151;1;A173;1;A192;A201;Good
3;24;2;A43;1278;0;4;4;A93;A101;1;A121;36;A143;A152;1;A174;1;A192;A201;Good
0;12;2;A43;1107;0;2;2;A93;A101;2;A121;20;A143;A151;1;A174;2;A192;A201;Good
0;21;2;A40;3763;4;3;2;A93;A102;2;A121;24;A143;A152;1;A172;1;A191;A202;Good
1;36;2;A46;3711;4;2;2;A94;A101;2;A123;27;A143;A152;1;A173;1;A191;A201;Good
3;15;3;A41;3594;0;1;1;A92;A101;2;A122;46;A143;A152;2;A172;1;A191;A201;Good
1;9;2;A40;3195;4;2;1;A92;A101;2;A121;33;A143;A152;1;A172;1;A191;A201;Good
3;36;3;A43;4454;0;2;4;A92;A101;4;A121;34;A143;A152;2;A173;1;A191;A201;Good
1;24;4;A42;4736;0;1;2;A92;A101;4;A123;25;A141;A152;1;A172;1;A191;A201;Bad
1;30;2;A43;2991;4;4;2;A92;A101;4;A123;25;A143;A152;1;A173;1;A191;A201;Good
3;11;2;A49;2142;3;4;1;A91;A101;2;A121;28;A143;A152;1;A173;1;A192;A201;Good
0;24;1;A49;3161;0;2;4;A93;A101;2;A122;31;A143;A151;1;A173;1;A192;A201;Bad
1;48;0;A410;18424;0;2;1;A92;A101;2;A122;32;A141;A152;1;A174;1;A192;A202;Bad
3;10;2;A41;2848;1;2;1;A93;A102;2;A121;32;A143;A152;1;A173;2;A191;A201;Good
0;6;2;A40;14896;0;4;1;A93;A101;4;A124;68;A141;A152;1;A174;1;A192;A201;Bad
0;24;2;A42;2359;1;0;1;A91;A101;1;A122;33;A143;A152;1;A173;1;A191;A201;Bad
0;24;2;A42;3345;0;4;4;A93;A101;2;A122;39;A143;A151;1;A174;1;A192;A201;Bad
3;18;4;A42;1817;0;2;4;A92;A101;2;A124;28;A143;A152;2;A173;1;A191;A201;Good
3;48;3;A43;12749;2;3;4;A93;A101;1;A123;37;A143;A152;1;A174;1;A192;A201;Good
0;9;2;A43;1366;0;1;3;A92;A101;4;A122;22;A143;A151;1;A173;1;A191;A201;Bad
1;12;2;A40;2002;0;3;3;A93;A101;4;A122;30;A143;A151;1;A173;2;A192;A201;Good
0;24;1;A42;6872;0;1;2;A91;A101;1;A122;55;A141;A152;1;A173;1;A192;A201;Bad
0;12;1;A40;697;0;1;4;A93;A101;2;A123;46;A141;A152;2;A173;1;A192;A201;Bad
0;18;4;A42;1049;0;1;4;A92;A101;4;A122;21;A143;A151;1;A173;1;A191;A201;Good
0;48;2;A41;10297;0;3;4;A93;A101;4;A124;39;A142;A153;3;A173;2;A192;A201;Bad
3;30;2;A43;1867;4;4;4;A93;A101;4;A123;58;A143;A152;1;A173;1;A192;A201;Good
0;12;3;A40;1344;0;2;4;A93;A101;2;A121;43;A143;A152;2;A172;2;A191;A201;Good
0;24;2;A42;1747;0;1;4;A93;A102;1;A122;24;A143;A152;1;A172;1;A191;A202;Good
1;9;2;A43;1670;0;1;4;A92;A101;2;A123;22;A143;A152;1;A173;1;A192;A201;Bad
3;9;4;A40;1224;0;2;3;A93;A101;1;A121;30;A143;A152;2;A173;1;A191;A201;Good
3;12;4;A43;522;2;4;4;A93;A101;4;A122;42;A143;A152;2;A173;2;A192;A201;Good
0;12;2;A43;1498;0;2;4;A92;A101;1;A123;23;A141;A152;1;A173;1;A191;A201;Good
1;30;3;A43;1919;1;1;4;A93;A101;3;A124;30;A142;A152;2;A174;1;A191;A201;Bad
2;9;2;A43;745;0;2;3;A92;A101;2;A121;28;A143;A152;1;A172;1;A191;A201;Bad
1;6;2;A43;2063;0;1;4;A94;A101;3;A123;30;A143;A151;1;A174;1;A192;A201;Good
1;60;2;A46;6288;0;2;4;A93;A101;4;A124;42;A143;A153;1;A173;1;A191;A201;Bad
3;24;4;A41;6842;4;2;2;A93;A101;4;A122;46;A143;A152;2;A174;2;A192;A201;Good
3;12;2;A40;3527;4;1;2;A93;A101;3;A122;45;A143;A152;1;A174;2;A192;A201;Good
3;10;2;A40;1546;0;2;3;A93;A101;2;A121;31;A143;A152;1;A172;2;A191;A202;Good
3;24;2;A42;929;4;3;4;A93;A101;2;A123;31;A142;A152;1;A173;1;A192;A201;Good
3;4;4;A40;1455;0;3;2;A93;A101;1;A121;42;A143;A152;3;A172;2;A191;A201;Good
0;15;2;A42;1845;0;1;4;A92;A103;1;A122;46;A143;A151;1;A173;1;A191;A201;Good
1;48;0;A40;8358;2;1;1;A92;A101;1;A123;30;A143;A152;2;A173;1;A191;A201;Good
0;24;1;A42;3349;2;1;4;A93;A101;4;A124;30;A143;A153;1;A173;2;A192;A201;Bad
3;12;2;A40;2859;4;0;4;A93;A101;4;A124;38;A143;A152;1;A174;1;A192;A201;Good
3;18;2;A42;1533;0;1;4;A94;A102;1;A122;43;A143;A152;1;A172;2;A191;A201;Bad
3;24;2;A43;3621;1;4;2;A93;A101;4;A123;31;A143;A152;2;A173;1;A191;A201;Bad
1;18;4;A49;3590;0;0;3;A94;A101;3;A123;40;A143;A152;3;A171;2;A192;A201;Good
0;36;3;A49;2145;0;3;2;A93;A101;1;A123;24;A143;A152;2;A173;1;A192;A201;Bad
1;24;2;A41;4113;2;1;3;A92;A101;4;A123;28;A143;A151;1;A173;1;A191;A201;Bad
3;36;2;A42;10974;0;0;4;A92;A101;2;A123;26;A143;A152;2;A174;1;A192;A201;Bad
0;12;2;A40;1893;0;2;4;A92;A103;4;A122;29;A143;A152;1;A173;1;A192;A201;Good
0;24;4;A43;1231;3;4;4;A92;A101;4;A122;57;A143;A151;2;A174;1;A192;A201;Good
2;30;4;A43;3656;4;4;4;A93;A101;4;A122;49;A142;A152;2;A172;1;A191;A201;Good
1;9;4;A43;1154;0;4;2;A93;A101;4;A121;37;A143;A152;3;A172;1;A191;A201;Good
0;28;2;A40;4006;0;2;3;A93;A101;2;A123;45;A143;A152;1;A172;1;A191;A201;Bad
1;24;2;A42;3069;1;4;4;A93;A101;4;A124;30;A143;A153;1;A173;1;A191;A201;Good
3;6;4;A43;1740;0;4;2;A94;A101;2;A121;30;A143;A151;2;A173;1;A191;A201;Good
1;21;3;A40;2353;0;2;1;A91;A101;4;A122;47;A143;A152;2;A173;1;A191;A201;Good
3;15;2;A40;3556;4;2;3;A93;A101;2;A124;29;A143;A152;1;A173;1;A191;A201;Good
3;24;2;A43;2397;2;4;3;A93;A101;2;A123;35;A141;A152;2;A173;1;A192;A201;Bad
1;6;2;A45;454;0;1;3;A94;A101;1;A122;22;A143;A152;1;A172;1;A191;A201;Good
1;30;2;A43;1715;4;2;4;A92;A101;1;A123;26;A143;A152;1;A173;1;A191;A201;Good
1;27;4;A43;2520;2;2;4;A93;A101;2;A122;23;A143;A152;2;A172;1;A191;A201;Bad
3;15;2;A43;3568;0;4;4;A92;A101;2;A123;54;A141;A151;1;A174;1;A192;A201;Good
3;42;2;A43;7166;4;3;2;A94;A101;4;A122;29;A143;A151;1;A173;1;A192;A201;Good
0;11;4;A40;3939;0;2;1;A93;A101;2;A121;40;A143;A152;2;A172;2;A191;A201;Good
1;15;2;A45;1514;1;2;4;A93;A103;2;A121;22;A143;A152;1;A173;1;A191;A201;Good
3;24;2;A40;7393;0;2;1;A93;A101;4;A122;43;A143;A152;1;A172;2;A191;A201;Good
0;24;1;A40;1193;0;0;1;A92;A102;4;A124;29;A143;A151;2;A171;1;A191;A201;Bad
0;60;2;A49;7297;0;4;4;A93;A102;4;A124;36;A143;A151;1;A173;1;A191;A201;Bad
3;30;4;A43;2831;0;2;4;A92;A101;2;A123;33;A143;A152;1;A173;1;A192;A201;Good
2;24;2;A43;1258;2;2;3;A92;A101;3;A123;57;A143;A152;1;A172;1;A191;A201;Good
1;6;2;A43;753;0;2;2;A92;A103;3;A121;64;A143;A152;1;A173;1;A191;A201;Good
1;18;3;A49;2427;4;4;4;A93;A101;2;A122;42;A143;A152;2;A173;1;A191;A201;Good
3;24;3;A40;2538;0;4;4;A93;A101;4;A123;47;A143;A152;2;A172;2;A191;A201;Bad
1;15;1;A40;1264;1;2;2;A94;A101;2;A122;25;A143;A151;1;A173;1;A191;A201;Bad
1;30;4;A42;8386;0;3;2;A93;A101;2;A122;49;A143;A152;1;A173;1;A191;A201;Bad
3;48;2;A49;4844;0;0;3;A93;A101;2;A123;33;A141;A151;1;A174;1;A192;A201;Bad
2;21;2;A40;2923;1;2;1;A92;A101;1;A123;28;A141;A152;1;A174;1;A192;A201;Good
0;36;2;A41;8229;0;2;2;A93;A101;2;A122;26;A143;A152;1;A173;2;A191;A201;Bad
3;24;4;A42;2028;0;3;2;A93;A101;2;A122;30;A143;A152;2;A172;1;A191;A201;Good
0;15;4;A42;1433;0;2;4;A92;A101;3;A122;25;A143;A151;2;A173;1;A191;A201;Good
2;42;0;A49;6289;0;1;2;A91;A101;1;A122;33;A143;A152;2;A173;1;A191;A201;Good
3;13;2;A43;1409;1;0;2;A92;A101;4;A121;64;A143;A152;1;A173;1;A191;A201;Good
0;24;2;A41;6579;0;0;4;A93;A101;2;A124;29;A143;A153;1;A174;1;A192;A201;Good
1;24;4;A43;1743;0;4;4;A93;A101;2;A122;48;A143;A152;2;A172;1;A191;A201;Good
3;12;4;A46;3565;4;1;2;A93;A101;1;A122;37;A143;A152;2;A172;2;A191;A201;Good
3;15;1;A43;1569;1;4;4;A93;A101;4;A123;34;A141;A152;1;A172;2;A191;A201;Good
0;18;2;A43;1936;4;3;2;A94;A101;4;A123;23;A143;A151;2;A172;1;A191;A201;Good
0;36;2;A42;3959;0;0;4;A93;A101;3;A122;30;A143;A152;1;A174;1;A192;A201;Good
3;12;2;A40;2390;4;4;4;A93;A101;3;A123;50;A143;A152;1;A173;1;A192;A201;Good
3;12;2;A42;1736;0;3;3;A92;A101;4;A121;31;A143;A152;1;A172;1;A191;A201;Good
0;30;2;A41;3857;0;2;4;A91;A101;4;A122;40;A143;A152;1;A174;1;A192;A201;Good
3;12;2;A43;804;0;4;4;A93;A101;4;A123;38;A143;A152;1;A173;1;A191;A201;Good
0;45;2;A43;1845;0;2;4;A93;A101;4;A124;23;A143;A153;1;A173;1;A192;A201;Bad
1;45;4;A41;4576;1;0;3;A93;A101;4;A123;27;A143;A152;1;A173;1;A191;A201;Good
